Area,Chome,item(english),Item(japanese),Category,Collection day,How to dispose (English),How to dispose (Japanese),Notes,image_file,,,,,,,,,,,,,,,,,,
崅揷攏応,1丒2挌栚,Plastic gloves,價僯乕儖庤戃乮傃偵乕傞偰傇偔傠乯,壜擱偛傒,Monday / Thursday,Dispose of as burnable waste.,壜擱偛傒偲偟偰弌偟偰偔偩偝偄丅,,,,,,,,,,,,,,,,,,,,
崅揷攏応,1丒2挌栚,Apron,僄僾儘儞,壜擱偛傒,Monday / Thursday,Dispose of as burnable waste.,壜擱偛傒偲偟偰弌偟偰偔偩偝偄丅,,,,,,,,,,,,,,,,,,,,
崅揷攏応,1丒2挌栚,Pencil,墧昅乮偊傫傄偮乯,壜擱偛傒,Monday / Thursday,Dispose of as burnable waste.,壜擱偛傒偲偟偰弌偟偰偔偩偝偄丅,,,,,,,,,,,,,,,,,,,,
崅揷攏応,1丒2挌栚,Plastic bag,價僯乕儖戃乮傃偵乕傞傇偔傠乯,壜擱偛傒,Monday / Thursday,Dispose of as burnable waste.,壜擱偛傒偲偟偰弌偟偰偔偩偝偄丅,,,,,,,,,,,,,,,,,,,,
崅揷攏応,1丒2挌栚,Smart Phone,僗儅乕僩僼僅儞,壜擱偛傒,Monday / Thursday,Dispose of as burnable waste.,壜擱偛傒偲偟偰弌偟偰偔偩偝偄丅,,,,,,,,,,,,,,,,,,,,
崅揷攏応,1丒2挌栚,Phone battery,実懷揹榖乮偗偄偨偄偱傫傢乯偺僶僢僥儕乕,桳奞偛傒,Collection point,Take to a designated collection point.,巜掕偺夞廂応強傊弌偟偰偔偩偝偄丅,,,,,,,,,,,,,,,,,,,,
崅揷攏応,1丒2挌栚,Water bottle,悈摏乮偡偄偲偆乯,壜擱偛傒,Monday / Thursday,Dispose of as burnable waste.,壜擱偛傒偲偟偰弌偟偰偔偩偝偄丅,,,,,,,,,,,,,,,,,,,,
崅揷攏応,1丒2挌栚,Laptop,僲乕僩僷僜僐儞,晄擱偛傒,Wednesday,Dispose of as non-burnable waste.,晄擱偛傒偲偟偰弌偟偰偔偩偝偄丅,,,,,,,,,,,,,,,,,,,,
崅揷攏応,1丒2挌栚,Rice cooker,悊斞婍乮偡偄偼傫偒乯,晄擱偛傒,Wednesday,Dispose of as non-burnable waste.,晄擱偛傒偲偟偰弌偟偰偔偩偝偄丅,,,,,,,,,,,,,,,,,,,,
崅揷攏応,1丒2挌栚,Old clothes,屆拝乮傆傞偓乯,壜擱偛傒,Monday / Thursday,Dispose of as burnable waste.,壜擱偛傒偲偟偰弌偟偰偔偩偝偄丅,,,,,,,,,,,,,,,,,,,,
崅揷攏応,1丒2挌栚,Plastic keychain,僾儔僗僠僢僋惢乮偣偄乯僉乕儂儖僟乕,壜擱偛傒,Monday / Thursday,Dispose of as burnable waste.,壜擱偛傒偲偟偰弌偟偰偔偩偝偄丅,,,,,,,,,,,,,,,,,,,,
崅揷攏応,1丒2挌栚,Luggage,僗乕僣働乕僗,壜擱偛傒,Monday / Thursday,Dispose of as burnable waste.,壜擱偛傒偲偟偰弌偟偰偔偩偝偄丅,,,,,,,,,,,,,,,,,,,,
崅揷攏応,1丒2挌栚,Umbrella,嶱乮偐偝乯,晄擱偛傒,Wednesday,Dispose of as non-burnable waste.,晄擱偛傒偲偟偰弌偟偰偔偩偝偄丅,,,,,,,,,,,,,,,,,,,,
崅揷攏応,1丒2挌栚,Shoes,孋乮偔偮乯,壜擱偛傒,Monday / Thursday,Dispose of as burnable waste.,壜擱偛傒偲偟偰弌偟偰偔偩偝偄丅,,,,,,,,,,,,,,,,,,,,
崅揷攏応,1丒2挌栚,Tissues,僥傿僢僔儏儁乕僷乕,壜擱偛傒,Monday / Thursday,Dispose of as burnable waste.,壜擱偛傒偲偟偰弌偟偰偔偩偝偄丅,,,,,,,,,,,,,,,,,,,,
崅揷攏応,1丒2挌栚,Newspaper,怴暦乮偟傫傇傫乯,帒尮偛傒,Tuesday,Rinse if necessary and recycle.,昁梫偵墳偠偰愻偄丄帒尮偛傒偲偟偰弌偟偰偔偩偝偄丅,,,,,,,,,,,,,,,,,,,,
崅揷攏応,1丒2挌栚,Books,杮乮傎傫乯,壜擱偛傒,Monday / Thursday,Dispose of as burnable waste.,壜擱偛傒偲偟偰弌偟偰偔偩偝偄丅,,,,,,,,,,,,,,,,,,,,
崅揷攏応,1丒2挌栚,Pen,儁儞,壜擱偛傒,Monday / Thursday,Dispose of as burnable waste.,壜擱偛傒偲偟偰弌偟偰偔偩偝偄丅,,,,,,,,,,,,,,,,,,,,
崅揷攏応,1丒2挌栚,Bed,儀僢僪,慹戝偛傒,Reservation required,Apply for Shinjuku bulky waste collection.,怴廻嬫偺慹戝偛傒廂廤傪怽偟崬傫偱偔偩偝偄丅,,,,,,,,,,,,,,,,,,,,
崅揷攏応,1丒2挌栚,Paper,巻乮偐傒乯,壜擱偛傒,Monday / Thursday,Dispose of as burnable waste.,壜擱偛傒偲偟偰弌偟偰偔偩偝偄丅,,,,,,,,,,,,,,,,,,,,
崅揷攏応,1丒2挌栚,Hair dryer,僪儔僀儎乕,晄擱偛傒,Wednesday,Dispose of as non-burnable waste.,晄擱偛傒偲偟偰弌偟偰偔偩偝偄丅,,,,,,,,,,,,,,,,,,,,
崅揷攏応,1丒2挌栚,Hair clip,僿傾僋儕僢僾,壜擱偛傒,Monday / Thursday,Dispose of as burnable waste.,壜擱偛傒偲偟偰弌偟偰偔偩偝偄丅,,,,,,,,,,,,,,,,,,,,
崅揷攏応,1丒2挌栚,Mask,儅僗僋,壜擱偛傒,Monday / Thursday,Dispose of as burnable waste.,壜擱偛傒偲偟偰弌偟偰偔偩偝偄丅,,,,,,,,,,,,,,,,,,,,
崅揷攏応,1丒2挌栚,Lens,儗儞僘,壜擱偛傒,Monday / Thursday,Dispose of as burnable waste.,壜擱偛傒偲偟偰弌偟偰偔偩偝偄丅,,,,,,,,,,,,,,,,,,,,
崅揷攏応,1丒2挌栚,Eyeglasses,娽嬀乮傔偑偹乯,壜擱偛傒,Monday / Thursday,Dispose of as burnable waste.,壜擱偛傒偲偟偰弌偟偰偔偩偝偄丅,,,,,,,,,,,,,,,,,,,,
崅揷攏応,1丒2挌栚,Slippers,僗儕僢僷,壜擱偛傒,Monday / Thursday,Dispose of as burnable waste.,壜擱偛傒偲偟偰弌偟偰偔偩偝偄丅,,,,,,,,,,,,,,,,,,,,
崅揷攏応,1丒2挌栚,Beer bottle,價乕儖時乮傃傫乯,壜擱偛傒,Monday / Thursday,Dispose of as burnable waste.,壜擱偛傒偲偟偰弌偟偰偔偩偝偄丅,,,,,,,,,,,,,,,,,,,,
崅揷攏応,1丒2挌栚,Gas bottle,僈僗儃儞儀,壜擱偛傒,Monday / Thursday,Dispose of as burnable waste.,壜擱偛傒偲偟偰弌偟偰偔偩偝偄丅,,,,,,,,,,,,,,,,,,,,
崅揷攏応,1丒2挌栚,Kitchen waste,惗偛傒乮側傑偛傒乯,壜擱偛傒,Monday / Thursday,Dispose of as burnable waste.,壜擱偛傒偲偟偰弌偟偰偔偩偝偄丅,,,,,,,,,,,,,,,,,,,,
崅揷攏応,1丒2挌栚,Ceramic cup,摡婍乮偲偆偒乯偺僇僢僾,壜擱偛傒,Monday / Thursday,Dispose of as burnable waste.,壜擱偛傒偲偟偰弌偟偰偔偩偝偄丅,,,,,,,,,,,,,,,,,,,,
崅揷攏応,1丒2挌栚,Cushion,僋僢僔儑儞,壜擱偛傒,Monday / Thursday,Dispose of as burnable waste.,壜擱偛傒偲偟偰弌偟偰偔偩偝偄丅,,,,,,,,,,,,,,,,,,,,
崅揷攏応,1丒2挌栚,CD / DVD,CD丒DVD,壜擱偛傒,Monday / Thursday,Dispose of as burnable waste.,壜擱偛傒偲偟偰弌偟偰偔偩偝偄丅,,,,,,,,,,,,,,,,,,,,
崅揷攏応,1丒2挌栚,Egg carton,棏乮偨傑偛乯偺僷僢僋,壜擱偛傒,Monday / Thursday,Dispose of as burnable waste.,壜擱偛傒偲偟偰弌偟偰偔偩偝偄丅,,,,,,,,,,,,,,,,,,,,
崅揷攏応,1丒2挌栚,Sponge,僗億儞僕,壜擱偛傒,Monday / Thursday,Dispose of as burnable waste.,壜擱偛傒偲偟偰弌偟偰偔偩偝偄丅,,,,,,,,,,,,,,,,,,,,
崅揷攏応,1丒2挌栚,Glass cup,僈儔僗偺僐僢僾,壜擱偛傒,Monday / Thursday,Dispose of as burnable waste.,壜擱偛傒偲偟偰弌偟偰偔偩偝偄丅,,,,,,,,,,,,,,,,,,,,
崅揷攏応,1丒2挌栚,Earphones,僀儎儂儞,晄擱偛傒,Wednesday,Dispose of as non-burnable waste.,晄擱偛傒偲偟偰弌偟偰偔偩偝偄丅,,,,,,,,,,,,,,,,,,,,
崅揷攏応,1丒2挌栚,Ice pack,曐椻嵻乮傎傟偄偞偄乯,壜擱偛傒,Monday / Thursday,Dispose of as burnable waste.,壜擱偛傒偲偟偰弌偟偰偔偩偝偄丅,,,,,,,,,,,,,,,,,,,,
崅揷攏応,1丒2挌栚,Razor,僇儈僜儕,壜擱偛傒,Monday / Thursday,Dispose of as burnable waste.,壜擱偛傒偲偟偰弌偟偰偔偩偝偄丅,,,,,,,,,,,,,,,,,,,,
崅揷攏応,3丒4挌栚,Plastic gloves,價僯乕儖庤戃乮傃偵乕傞偰傇偔傠乯,壜擱偛傒,Monday / Thursday,Dispose of as burnable waste.,壜擱偛傒偲偟偰弌偟偰偔偩偝偄丅,,,,,,,,,,,,,,,,,,,,
崅揷攏応,3丒4挌栚,Apron,僄僾儘儞,壜擱偛傒,Monday / Thursday,Dispose of as burnable waste.,壜擱偛傒偲偟偰弌偟偰偔偩偝偄丅,,,,,,,,,,,,,,,,,,,,
崅揷攏応,3丒4挌栚,Pencil,墧昅乮偊傫傄偮乯,壜擱偛傒,Monday / Thursday,Dispose of as burnable waste.,壜擱偛傒偲偟偰弌偟偰偔偩偝偄丅,,,,,,,,,,,,,,,,,,,,
崅揷攏応,3丒4挌栚,Plastic bag,價僯乕儖戃乮傃偵乕傞傇偔傠乯,壜擱偛傒,Monday / Thursday,Dispose of as burnable waste.,壜擱偛傒偲偟偰弌偟偰偔偩偝偄丅,,,,,,,,,,,,,,,,,,,,
崅揷攏応,3丒4挌栚,Smart Phone,僗儅乕僩僼僅儞,壜擱偛傒,Monday / Thursday,Dispose of as burnable waste.,壜擱偛傒偲偟偰弌偟偰偔偩偝偄丅,,,,,,,,,,,,,,,,,,,,
崅揷攏応,3丒4挌栚,Phone battery,実懷揹榖乮偗偄偨偄偱傫傢乯偺僶僢僥儕乕,桳奞偛傒,Collection point,Take to a designated collection point.,巜掕偺夞廂応強傊弌偟偰偔偩偝偄丅,,,,,,,,,,,,,,,,,,,,
崅揷攏応,3丒4挌栚,Water bottle,悈摏乮偡偄偲偆乯,壜擱偛傒,Monday / Thursday,Dispose of as burnable waste.,壜擱偛傒偲偟偰弌偟偰偔偩偝偄丅,,,,,,,,,,,,,,,,,,,,
崅揷攏応,3丒4挌栚,Laptop,僲乕僩僷僜僐儞,晄擱偛傒,Wednesday,Dispose of as non-burnable waste.,晄擱偛傒偲偟偰弌偟偰偔偩偝偄丅,,,,,,,,,,,,,,,,,,,,
崅揷攏応,3丒4挌栚,Rice cooker,悊斞婍乮偡偄偼傫偒乯,晄擱偛傒,Wednesday,Dispose of as non-burnable waste.,晄擱偛傒偲偟偰弌偟偰偔偩偝偄丅,,,,,,,,,,,,,,,,,,,,
崅揷攏応,3丒4挌栚,Old clothes,屆拝乮傆傞偓乯,壜擱偛傒,Monday / Thursday,Dispose of as burnable waste.,壜擱偛傒偲偟偰弌偟偰偔偩偝偄丅,,,,,,,,,,,,,,,,,,,,
崅揷攏応,3丒4挌栚,Plastic keychain,僾儔僗僠僢僋惢乮偣偄乯僉乕儂儖僟乕,壜擱偛傒,Monday / Thursday,Dispose of as burnable waste.,壜擱偛傒偲偟偰弌偟偰偔偩偝偄丅,,,,,,,,,,,,,,,,,,,,
崅揷攏応,3丒4挌栚,Luggage,僗乕僣働乕僗,壜擱偛傒,Monday / Thursday,Dispose of as burnable waste.,壜擱偛傒偲偟偰弌偟偰偔偩偝偄丅,,,,,,,,,,,,,,,,,,,,
崅揷攏応,3丒4挌栚,Umbrella,嶱乮偐偝乯,晄擱偛傒,Wednesday,Dispose of as non-burnable waste.,晄擱偛傒偲偟偰弌偟偰偔偩偝偄丅,,,,,,,,,,,,,,,,,,,,
崅揷攏応,3丒4挌栚,Shoes,孋乮偔偮乯,壜擱偛傒,Monday / Thursday,Dispose of as burnable waste.,壜擱偛傒偲偟偰弌偟偰偔偩偝偄丅,,,,,,,,,,,,,,,,,,,,
崅揷攏応,3丒4挌栚,Tissues,僥傿僢僔儏儁乕僷乕,壜擱偛傒,Monday / Thursday,Dispose of as burnable waste.,壜擱偛傒偲偟偰弌偟偰偔偩偝偄丅,,,,,,,,,,,,,,,,,,,,
崅揷攏応,3丒4挌栚,Newspaper,怴暦乮偟傫傇傫乯,帒尮偛傒,Tuesday,Rinse if necessary and recycle.,昁梫偵墳偠偰愻偄丄帒尮偛傒偲偟偰弌偟偰偔偩偝偄丅,,,,,,,,,,,,,,,,,,,,
崅揷攏応,3丒4挌栚,Books,杮乮傎傫乯,壜擱偛傒,Monday / Thursday,Dispose of as burnable waste.,壜擱偛傒偲偟偰弌偟偰偔偩偝偄丅,,,,,,,,,,,,,,,,,,,,
崅揷攏応,3丒4挌栚,Pen,儁儞,壜擱偛傒,Monday / Thursday,Dispose of as burnable waste.,壜擱偛傒偲偟偰弌偟偰偔偩偝偄丅,,,,,,,,,,,,,,,,,,,,
崅揷攏応,3丒4挌栚,Bed,儀僢僪,慹戝偛傒,Reservation required,Apply for Shinjuku bulky waste collection.,怴廻嬫偺慹戝偛傒廂廤傪怽偟崬傫偱偔偩偝偄丅,,,,,,,,,,,,,,,,,,,,
崅揷攏応,3丒4挌栚,Paper,巻乮偐傒乯,壜擱偛傒,Monday / Thursday,Dispose of as burnable waste.,壜擱偛傒偲偟偰弌偟偰偔偩偝偄丅,,,,,,,,,,,,,,,,,,,,
崅揷攏応,3丒4挌栚,Hair dryer,僪儔僀儎乕,晄擱偛傒,Wednesday,Dispose of as non-burnable waste.,晄擱偛傒偲偟偰弌偟偰偔偩偝偄丅,,,,,,,,,,,,,,,,,,,,
崅揷攏応,3丒4挌栚,Hair clip,僿傾僋儕僢僾,壜擱偛傒,Monday / Thursday,Dispose of as burnable waste.,壜擱偛傒偲偟偰弌偟偰偔偩偝偄丅,,,,,,,,,,,,,,,,,,,,
崅揷攏応,3丒4挌栚,Mask,儅僗僋,壜擱偛傒,Monday / Thursday,Dispose of as burnable waste.,壜擱偛傒偲偟偰弌偟偰偔偩偝偄丅,,,,,,,,,,,,,,,,,,,,
崅揷攏応,3丒4挌栚,Lens,儗儞僘,壜擱偛傒,Monday / Thursday,Dispose of as burnable waste.,壜擱偛傒偲偟偰弌偟偰偔偩偝偄丅,,,,,,,,,,,,,,,,,,,,
崅揷攏応,3丒4挌栚,Eyeglasses,娽嬀乮傔偑偹乯,壜擱偛傒,Monday / Thursday,Dispose of as burnable waste.,壜擱偛傒偲偟偰弌偟偰偔偩偝偄丅,,,,,,,,,,,,,,,,,,,,
崅揷攏応,3丒4挌栚,Slippers,僗儕僢僷,壜擱偛傒,Monday / Thursday,Dispose of as burnable waste.,壜擱偛傒偲偟偰弌偟偰偔偩偝偄丅,,,,,,,,,,,,,,,,,,,,
崅揷攏応,3丒4挌栚,Beer bottle,價乕儖時乮傃傫乯,壜擱偛傒,Monday / Thursday,Dispose of as burnable waste.,壜擱偛傒偲偟偰弌偟偰偔偩偝偄丅,,,,,,,,,,,,,,,,,,,,
崅揷攏応,3丒4挌栚,Gas bottle,僈僗儃儞儀,壜擱偛傒,Monday / Thursday,Dispose of as burnable waste.,壜擱偛傒偲偟偰弌偟偰偔偩偝偄丅,,,,,,,,,,,,,,,,,,,,
崅揷攏応,3丒4挌栚,Kitchen waste,惗偛傒乮側傑偛傒乯,壜擱偛傒,Monday / Thursday,Dispose of as burnable waste.,壜擱偛傒偲偟偰弌偟偰偔偩偝偄丅,,,,,,,,,,,,,,,,,,,,
崅揷攏応,3丒4挌栚,Ceramic cup,摡婍乮偲偆偒乯偺僇僢僾,壜擱偛傒,Monday / Thursday,Dispose of as burnable waste.,壜擱偛傒偲偟偰弌偟偰偔偩偝偄丅,,,,,,,,,,,,,,,,,,,,
崅揷攏応,3丒4挌栚,Cushion,僋僢僔儑儞,壜擱偛傒,Monday / Thursday,Dispose of as burnable waste.,壜擱偛傒偲偟偰弌偟偰偔偩偝偄丅,,,,,,,,,,,,,,,,,,,,
崅揷攏応,3丒4挌栚,CD / DVD,CD丒DVD,壜擱偛傒,Monday / Thursday,Dispose of as burnable waste.,壜擱偛傒偲偟偰弌偟偰偔偩偝偄丅,,,,,,,,,,,,,,,,,,,,
崅揷攏応,3丒4挌栚,Egg carton,棏乮偨傑偛乯偺僷僢僋,壜擱偛傒,Monday / Thursday,Dispose of as burnable waste.,壜擱偛傒偲偟偰弌偟偰偔偩偝偄丅,,,,,,,,,,,,,,,,,,,,
崅揷攏応,3丒4挌栚,Sponge,僗億儞僕,壜擱偛傒,Monday / Thursday,Dispose of as burnable waste.,壜擱偛傒偲偟偰弌偟偰偔偩偝偄丅,,,,,,,,,,,,,,,,,,,,
崅揷攏応,3丒4挌栚,Glass cup,僈儔僗偺僐僢僾,壜擱偛傒,Monday / Thursday,Dispose of as burnable waste.,壜擱偛傒偲偟偰弌偟偰偔偩偝偄丅,,,,,,,,,,,,,,,,,,,,
崅揷攏応,3丒4挌栚,Earphones,僀儎儂儞,晄擱偛傒,Wednesday,Dispose of as non-burnable waste.,晄擱偛傒偲偟偰弌偟偰偔偩偝偄丅,,,,,,,,,,,,,,,,,,,,
崅揷攏応,3丒4挌栚,Ice pack,曐椻嵻乮傎傟偄偞偄乯,壜擱偛傒,Monday / Thursday,Dispose of as burnable waste.,壜擱偛傒偲偟偰弌偟偰偔偩偝偄丅,,,,,,,,,,,,,,,,,,,,
崅揷攏応,3丒4挌栚,Razor,僇儈僜儕,壜擱偛傒,Monday / Thursday,Dispose of as burnable waste.,壜擱偛傒偲偟偰弌偟偰偔偩偝偄丅,,,,,,,,,,,,,,,,,,,,
惣怴廻,1乣8挌栚,倫倛倧値倕丂們倧倴倕倰丂,僗儅儂働乕僗,壜擱偛傒,Monday / Thursday,Dispose of as burnable waste.,壜擱偛傒偲偟偰弌偟偰偔偩偝偄丅,,,,,,,,,,,,,,,,,,,,
惣怴廻,1乣8挌栚,們倢倧倲倛倕倱,暈,壜擱偛傒,Monday / Thursday,Dispose of as burnable waste.,壜擱偛傒偲偟偰弌偟偰偔偩偝偄丅,,,,,,,,,,,,,,,,,,,,
惣怴廻,1乣8挌栚,倗倢倎倱倱倕倱丂,儊僈僱,壜擱偛傒,Monday / Thursday,Dispose of as burnable waste.,壜擱偛傒偲偟偰弌偟偰偔偩偝偄丅,,,,,,,,,,,,,,,,,,,,
惣怴廻,1乣8挌栚,倐倎倗倱,偐偽傫,壜擱偛傒,Monday / Thursday,Dispose of as burnable waste.,壜擱偛傒偲偟偰弌偟偰偔偩偝偄丅,,,,,,,,,,,,,,,,,,,,
惣怴廻,1乣8挌栚,倐倧倲倲倢倕,悈摏乛儃僩儖,壜擱偛傒,Monday / Thursday,Dispose of as burnable waste.,壜擱偛傒偲偟偰弌偟偰偔偩偝偄丅,,,,,,,,,,,,,,,,,,,,
惣怴廻,1乣8挌栚,倛倎倲丂,朮巕,壜擱偛傒,Monday / Thursday,Dispose of as burnable waste.,壜擱偛傒偲偟偰弌偟偰偔偩偝偄丅,,,,,,,,,,,,,,,,,,,,
惣怴廻,1乣8挌栚,們倎値,娛,壜擱偛傒,Monday / Thursday,Dispose of as burnable waste.,壜擱偛傒偲偟偰弌偟偰偔偩偝偄丅,,,,,,,,,,,,,,,,,,,,
惣怴廻,1乣8挌栚,倫倎倫倕倰丂,巻,壜擱偛傒,Monday / Thursday,Dispose of as burnable waste.,壜擱偛傒偲偟偰弌偟偰偔偩偝偄丅,,,,,,,,,,,,,,,,,,,,
惣怴廻,1乣8挌栚,們o倣倐,偔偟,壜擱偛傒,Monday / Thursday,Dispose of as burnable waste.,壜擱偛傒偲偟偰弌偟偰偔偩偝偄丅,,,,,,,,,,,,,,,,,,,,
惣怴廻,1乣8挌栚,倢倎倲倲倧倫,僲乕僩僷僜僐儞,壜擱偛傒,Monday / Thursday,Dispose of as burnable waste.,壜擱偛傒偲偟偰弌偟偰偔偩偝偄丅,,,,,,,,,,,,,,,,,,,,
惣怴廻,1乣8挌栚,倫倕値丂,儁儞,壜擱偛傒,Monday / Thursday,Dispose of as burnable waste.,壜擱偛傒偲偟偰弌偟偰偔偩偝偄丅,,,,,,,,,,,,,,,,,,,,
惣怴廻,1乣8挌栚,倫倕値們倝倢,偊傫傄偮,壜擱偛傒,Monday / Thursday,Dispose of as burnable waste.,壜擱偛傒偲偟偰弌偟偰偔偩偝偄丅,,,,,,,,,,,,,,,,,,,,
惣怴廻,1乣8挌栚,倕倰倎倱倧倰,僴僒儈,壜擱偛傒,Monday / Thursday,Dispose of as burnable waste.,壜擱偛傒偲偟偰弌偟偰偔偩偝偄丅,,,,,,,,,,,,,,,,,,,,
惣怴廻,1乣8挌栚,倛倎値倓丂們倛倎倝値,僽儗僗儗僢僩,壜擱偛傒,Monday / Thursday,Dispose of as burnable waste.,壜擱偛傒偲偟偰弌偟偰偔偩偝偄丅,,,,,,,,,,,,,,,,,,,,
惣怴廻,1乣8挌栚,倖倎們倕丂倣倎倱倠,儅僋僗,壜擱偛傒,Monday / Thursday,Dispose of as burnable waste.,壜擱偛傒偲偟偰弌偟偰偔偩偝偄丅,,,,,,,,,,,,,,,,,,,,
惣怴廻,1乣8挌栚,倣倎倠倕倳倫丂倐倰倳倱倛,儊僀僋僽儔僔,壜擱偛傒,Monday / Thursday,Dispose of as burnable waste.,壜擱偛傒偲偟偰弌偟偰偔偩偝偄丅,,,,,,,,,,,,,,,,,,,,
惣怴廻,1乣8挌栚,倱倝倢倝們倧値,僔儕僐儞惢昳,壜擱偛傒,Monday / Thursday,Dispose of as burnable waste.,壜擱偛傒偲偟偰弌偟偰偔偩偝偄丅,,,,,,,,,,,,,,,,,,,,
惣怴廻,1乣8挌栚,倱倛倧倕丂,孋,壜擱偛傒,Monday / Thursday,Dispose of as burnable waste.,壜擱偛傒偲偟偰弌偟偰偔偩偝偄丅,,,,,,,,,,,,,,,,,,,,
惣怴廻,1乣8挌栚,倳倣倐倰倕倢倢倎丂,嶱,壜擱偛傒,Monday / Thursday,Dispose of as burnable waste.,壜擱偛傒偲偟偰弌偟偰偔偩偝偄丅,,,,,,,,,,,,,,,,,,,,
惣怴廻,1乣8挌栚,plastic cups,僾儔僗僠僢僋僇僢僾,壜擱偛傒,Monday / Thursday,Dispose of as burnable waste.,壜擱偛傒偲偟偰弌偟偰偔偩偝偄丅,,,,,,,,,,,,,,,,,,,,
惣怴廻,1乣8挌栚,倰倝値倗丂,巜椫,壜擱偛傒,Monday / Thursday,Dispose of as burnable waste.,壜擱偛傒偲偟偰弌偟偰偔偩偝偄丅,,,,,,,,,,,,,,,,,,,,
惣怴廻,1乣8挌栚,倕倎倰倝値倗,僺傾僗,壜擱偛傒,Monday / Thursday,Dispose of as burnable waste.,壜擱偛傒偲偟偰弌偟偰偔偩偝偄丅,,,,,,,,,,,,,,,,,,,,
惣怴廻,1乣8挌栚,倛倎倝倰丂們倢倝倫,僿傾僋儕僢僾,壜擱偛傒,Monday / Thursday,Dispose of as burnable waste.,壜擱偛傒偲偟偰弌偟偰偔偩偝偄丅,,,,,,,,,,,,,,,,,,,,
惣怴廻,1乣8挌栚,値倕們倠倢倎們倕,僱僢僋儗僗,壜擱偛傒,Monday / Thursday,Dispose of as burnable waste.,壜擱偛傒偲偟偰弌偟偰偔偩偝偄丅,,,,,,,,,,,,,,,,,,,,
惣怴廻,1乣8挌栚,倵倎倲們倛,帪寁,壜擱偛傒,Monday / Thursday,Dispose of as burnable waste.,壜擱偛傒偲偟偰弌偟偰偔偩偝偄丅,,,,,,,,,,,,,,,,,,,,
惣怴廻,1乣8挌栚,們倛倎倝倰,偄偡,壜擱偛傒,Monday / Thursday,Dispose of as burnable waste.,壜擱偛傒偲偟偰弌偟偰偔偩偝偄丅,,,,,,,,,,,,,,,,,,,,
惣怴廻,1乣8挌栚,倲倎倐倢倕,僥乕僽儖,壜擱偛傒,Monday / Thursday,Dispose of as burnable waste.,壜擱偛傒偲偟偰弌偟偰偔偩偝偄丅,,,,,,,,,,,,,,,,,,,,
惣怴廻,1乣8挌栚,倓倧倢倢,恖宍,壜擱偛傒,Monday / Thursday,Dispose of as burnable waste.,壜擱偛傒偲偟偰弌偟偰偔偩偝偄丅,,,,,,,,,,,,,,,,,,,,
惣怴廻,1乣8挌栚,倵倝倗,偐偮傜,壜擱偛傒,Monday / Thursday,Dispose of as burnable waste.,壜擱偛傒偲偟偰弌偟偰偔偩偝偄丅,,,,,,,,,,,,,,,,,,,,
惣怴廻,1乣8挌栚,們倢倧們倠,妡偗帪寁,壜擱偛傒,Monday / Thursday,Dispose of as burnable waste.,壜擱偛傒偲偟偰弌偟偰偔偩偝偄丅,,,,,,,,,,,,,,,,,,,,
惣怴廻,1乣8挌栚,倰倕倲倎倝値倕倰,儕僥乕僫乕,壜擱偛傒,Monday / Thursday,Dispose of as burnable waste.,壜擱偛傒偲偟偰弌偟偰偔偩偝偄丅,,,,,,,,,,,,,,,,,,,,
惣怴廻,1乣8挌栚,倐倎倲倲倕倰倷,揹抮,壜擱偛傒,Monday / Thursday,Dispose of as burnable waste.,壜擱偛傒偲偟偰弌偟偰偔偩偝偄丅,,,,,,,,,,,,,,,,,,,,
惣怴廻,1乣8挌栚,倱値倕倎倠倕倰,僗僯乕僇乕,壜擱偛傒,Monday / Thursday,Dispose of as burnable waste.,壜擱偛傒偲偟偰弌偟偰偔偩偝偄丅,,,,,,,,,,,,,,,,,,,,
惣怴廻,1乣8挌栚,倱倠倎倲倕倐倧倎倰倓,僗働乕僩儃乕僪,壜擱偛傒,Monday / Thursday,Dispose of as burnable waste.,壜擱偛傒偲偟偰弌偟偰偔偩偝偄丅,,,,,,,,,,,,,,,,,,,,
惣怴廻,1乣8挌栚,倖倝倐倕倰丂們倛倎倝倰,僼傽僀僶乕堉巕,壜擱偛傒,Monday / Thursday,Dispose of as burnable waste.,壜擱偛傒偲偟偰弌偟偰偔偩偝偄丅,,,,,,,,,,,,,,,,,,,,
惣怴廻,1乣8挌栚,倱倧倖倎,僜僼傽,壜擱偛傒,Monday / Thursday,Dispose of as burnable waste.,壜擱偛傒偲偟偰弌偟偰偔偩偝偄丅,,,,,,,,,,,,,,,,,,,,
惣怴廻,1乣8挌栚,倴倎倱倕,壴時,壜擱偛傒,Monday / Thursday,Dispose of as burnable waste.,壜擱偛傒偲偟偰弌偟偰偔偩偝偄丅,,,,,,,,,,,,,,,,,,,,
惣怴廻,1乣8挌栚,倛倕倎倓倫倛倧値倕,僿僢僪儂儞,壜擱偛傒,Monday / Thursday,Dispose of as burnable waste.,壜擱偛傒偲偟偰弌偟偰偔偩偝偄丅,,,,,,,,,,,,,,,,,,,,
惣怴廻,1乣8挌栚,倎倝倰倫倧ds,儚僀儎儗僗僀儎儂儞,壜擱偛傒,Monday / Thursday,Dispose of as burnable waste.,壜擱偛傒偲偟偰弌偟偰偔偩偝偄丅,,,,,,,,,,,,,,,,,,,,
惣怴廻,1乣8挌栚,倣倝倰倰倧倰,嬀,壜擱偛傒,Monday / Thursday,Dispose of as burnable waste.,壜擱偛傒偲偟偰弌偟偰偔偩偝偄丅,,,,,,,,,,,,,,,,,,,,
惣怴廻,1乣8挌栚,倫倛倧値倕丂倱們倰倕倕値,夋柺,壜擱偛傒,Monday / Thursday,Dispose of as burnable waste.,壜擱偛傒偲偟偰弌偟偰偔偩偝偄丅,,,,,,,,,,,,,,,,,,,,
惣怴廻,1乣8挌栚,倵倎倱倛倝値倗丂倣倎們倛倝値倕,愻戵婡,壜擱偛傒,Monday / Thursday,Dispose of as burnable waste.,壜擱偛傒偲偟偰弌偟偰偔偩偝偄丅,,,,,,,,,,,,,,,,,,,,
惣怴廻,1乣8挌栚,倝倰倧値,傾僀儘儞,壜擱偛傒,Monday / Thursday,Dispose of as burnable waste.,壜擱偛傒偲偟偰弌偟偰偔偩偝偄丅,,,,,,,,,,,,,,,,,,,,
惣怴廻,1乣8挌栚,倛倎倝倰丂倱倲倰倎倝倗倛倲倕値倕倰,僿傾傾僀儘儞,壜擱偛傒,Monday / Thursday,Dispose of as burnable waste.,壜擱偛傒偲偟偰弌偟偰偔偩偝偄丅,,,,,,,,,,,,,,,,,,,,
惣怴廻,1乣8挌栚,倢倝倫倱倲倝們倠,岥峠,壜擱偛傒,Monday / Thursday,Dispose of as burnable waste.,壜擱偛傒偲偟偰弌偟偰偔偩偝偄丅,,,,,,,,,,,,,,,,,,,,
惣怴廻,1乣8挌栚,倱倫倧倧値丂,僗僾乕儞,壜擱偛傒,Monday / Thursday,Dispose of as burnable waste.,壜擱偛傒偲偟偰弌偟偰偔偩偝偄丅,,,,,,,,,,,,,,,,,,,,
惣怴廻,1乣8挌栚,倖倧倰倠,僼僅乕僋,壜擱偛傒,Monday / Thursday,Dispose of as burnable waste.,壜擱偛傒偲偟偰弌偟偰偔偩偝偄丅,,,,,,,,,,,,,,,,,,,,
惣怴廻,1乣8挌栚,倐倢倕値倓倕倰,僽儗儞僟乕,壜擱偛傒,Monday / Thursday,Dispose of as burnable waste.,壜擱偛傒偲偟偰弌偟偰偔偩偝偄丅,,,,,,,,,,,,,,,,,,,,
惣怴廻,1乣8挌栚,倲倧倧倲倛倫倎倱倲倕,帟杹偒暡,壜擱偛傒,Monday / Thursday,Dispose of as burnable waste.,壜擱偛傒偲偟偰弌偟偰偔偩偝偄丅,,,,,,,,,,,,,,,,,,,,
惣怴廻,1乣8挌栚,倱倢倝倫倫倕倰,僗儕僢僷,壜擱偛傒,Monday / Thursday,Dispose of as burnable waste.,壜擱偛傒偲偟偰弌偟偰偔偩偝偄丅,,,,,,,,,,,,,,,,,,,,
惣怴廻,1乣8挌栚,倞倕倎値倱,僕乕儞僘,壜擱偛傒,Monday / Thursday,Dispose of as burnable waste.,壜擱偛傒偲偟偰弌偟偰偔偩偝偄丅,,,,,,,,,,,,,,,,,,,,
惣怴廻,1乣8挌栚,倖倳値,愵晽婡,壜擱偛傒,Monday / Thursday,Dispose of as burnable waste.,壜擱偛傒偲偟偰弌偟偰偔偩偝偄丅,,,,,,,,,,,,,,,,,,,,
惣怴廻,1乣8挌栚,倢倕値倱,儗儞僘,壜擱偛傒,Monday / Thursday,Dispose of as burnable waste.,壜擱偛傒偲偟偰弌偟偰偔偩偝偄丅,,,,,,,,,,,,,,,,,,,,
惣怴廻,1乣8挌栚,値倕倓倓倢倕,恓,壜擱偛傒,Monday / Thursday,Dispose of as burnable waste.,壜擱偛傒偲偟偰弌偟偰偔偩偝偄丅,,,,,,,,,,,,,,,,,,,,
惣怴廻,1乣8挌栚,倫倢倎倱倲倝們丂倢倳値們倛丂倐倧倶,僾儔僗僠僢僋偍曎摉敔,壜擱偛傒,Monday / Thursday,Dispose of as burnable waste.,壜擱偛傒偲偟偰弌偟偰偔偩偝偄丅,,,,,,,,,,,,,,,,,,,,
惣怴廻,1乣8挌栚,倲倴,僥儗價,壜擱偛傒,Monday / Thursday,Dispose of as burnable waste.,壜擱偛傒偲偟偰弌偟偰偔偩偝偄丅,,,,,,,,,,,,,,,,,,,,
惣怴廻,1乣8挌栚,倱倫倕倎倠倕倰丂倐倧倶,僗僺乕僇乕,壜擱偛傒,Monday / Thursday,Dispose of as burnable waste.,壜擱偛傒偲偟偰弌偟偰偔偩偝偄丅,,,,,,,,,,,,,,,,,,,,
惣怴廻,1乣8挌栚,倫倢倎倱倲倝們倕丂倰倧倐倕,價僯乕儖昍乛儖乕僾,壜擱偛傒,Monday / Thursday,Dispose of as burnable waste.,壜擱偛傒偲偟偰弌偟偰偔偩偝偄丅,,,,,,,,,,,,,,,,,,,,
惣怴廻,1乣8挌栚,倱倧們們倕倰,僒僢僇乕儃乕儖,壜擱偛傒,Monday / Thursday,Dispose of as burnable waste.,壜擱偛傒偲偟偰弌偟偰偔偩偝偄丅,,,,,,,,,,,,,,,,,,,,
惣怴廻,1乣8挌栚,倵倕倝倗倛倲丂倱們倎倢倕,懱廳寁,壜擱偛傒,Monday / Thursday,Dispose of as burnable waste.,壜擱偛傒偲偟偰弌偟偰偔偩偝偄丅,,,,,,,,,,,,,,,,,,,,
惣怴廻,1乣8挌栚,倲倕倢倕倫倛倧値倕,揹榖婡,壜擱偛傒,Monday / Thursday,Dispose of as burnable waste.,壜擱偛傒偲偟偰弌偟偰偔偩偝偄丅,,,,,,,,,,,,,,,,,,,,
惣怴廻,1乣8挌栚,倢倎倣倫,儔儞僾,壜擱偛傒,Monday / Thursday,Dispose of as burnable waste.,壜擱偛傒偲偟偰弌偟偰偔偩偝偄丅,,,,,,,,,,,,,,,,,,,,
惣怴廻,1乣8挌栚,倐倧倧倠,杮乛屆巻,壜擱偛傒,Monday / Thursday,Dispose of as burnable waste.,壜擱偛傒偲偟偰弌偟偰偔偩偝偄丅,,,,,,,,,,,,,,,,,,,,
惣怴廻,1乣8挌栚,倎倝倰們倧値,僄傾僐儞,壜擱偛傒,Monday / Thursday,Dispose of as burnable waste.,壜擱偛傒偲偟偰弌偟偰偔偩偝偄丅,,,,,,,,,,,,,,,,,,,,
惣怴廻,1乣8挌栚,倐倎倢倢,儃乕儖,壜擱偛傒,Monday / Thursday,Dispose of as burnable waste.,壜擱偛傒偲偟偰弌偟偰偔偩偝偄丅,,,,,,,,,,,,,,,,,,,,
惣怴廻,1乣8挌栚,倐倕倢倢,楅乛儀儖,壜擱偛傒,Monday / Thursday,Dispose of as burnable waste.,壜擱偛傒偲偟偰弌偟偰偔偩偝偄丅,,,,,,,,,,,,,,,,,,,,
惣怴廻,1乣8挌栚,値倎倝倢丂倱倲倝們倠倕倰倱,僱僀儖僔乕儖,壜擱偛傒,Monday / Thursday,Dispose of as burnable waste.,壜擱偛傒偲偟偰弌偟偰偔偩偝偄丅,,,,,,,,,,,,,,,,,,,,
惣怴廻,1乣8挌栚,aluminium,傾儖儈,壜擱偛傒,Monday / Thursday,Dispose of as burnable waste.,壜擱偛傒偲偟偰弌偟偰偔偩偝偄丅,,,,,,,,,,,,,,,,,,,,
惣怴廻,1乣8挌栚,plates,嶮,壜擱偛傒,Monday / Thursday,Dispose of as burnable waste.,壜擱偛傒偲偟偰弌偟偰偔偩偝偄丅,,,,,,,,,,,,,,,,,,,,
惣怴廻,1乣8挌栚,brace,僒億乕僩/僐儖僙僢僩,壜擱偛傒,Monday / Thursday,Dispose of as burnable waste.,壜擱偛傒偲偟偰弌偟偰偔偩偝偄丅,,,,,,,,,,,,,,,,,,,,
惣怴廻,1乣8挌栚,sock,孋壓,壜擱偛傒,Monday / Thursday,Dispose of as burnable waste.,壜擱偛傒偲偟偰弌偟偰偔偩偝偄丅,,,,,,,,,,,,,,,,,,,,
惣怴廻,1乣8挌栚,chalk,僠儑乕僋,壜擱偛傒,Monday / Thursday,Dispose of as burnable waste.,壜擱偛傒偲偟偰弌偟偰偔偩偝偄丅,,,,,,,,,,,,,,,,,,,,
惣怴廻,1乣8挌栚,wheel chair,幵偄偡,壜擱偛傒,Monday / Thursday,Dispose of as burnable waste.,壜擱偛傒偲偟偰弌偟偰偔偩偝偄丅,,,,,,,,,,,,,,,,,,,,
惣怴廻,1乣8挌栚,wallet,嵿晍,壜擱偛傒,Monday / Thursday,Dispose of as burnable waste.,壜擱偛傒偲偟偰弌偟偰偔偩偝偄丅,,,,,,,,,,,,,,,,,,,,
惣怴廻,1乣8挌栚,jacket,忋拝,壜擱偛傒,Monday / Thursday,Dispose of as burnable waste.,壜擱偛傒偲偟偰弌偟偰偔偩偝偄丅,,,,,,,,,,,,,,,,,,,,
惣怴廻,1乣8挌栚,brush ,僽儔僔,壜擱偛傒,Monday / Thursday,Dispose of as burnable waste.,壜擱偛傒偲偟偰弌偟偰偔偩偝偄丅,,,,,,,,,,,,,,,,,,,,
惣怴廻,1乣8挌栚,luggage,僗乕僣働乕僗,壜擱偛傒,Monday / Thursday,Dispose of as burnable waste.,壜擱偛傒偲偟偰弌偟偰偔偩偝偄丅,,,,,,,,,,,,,,,,,,,,
惣怴廻,1乣8挌栚,belt,儀儖僩,壜擱偛傒,Monday / Thursday,Dispose of as burnable waste.,壜擱偛傒偲偟偰弌偟偰偔偩偝偄丅,,,,,,,,,,,,,,,,,,,,
惣怴廻,1乣8挌栚,lights,儔僀僩,壜擱偛傒,Monday / Thursday,Dispose of as burnable waste.,壜擱偛傒偲偟偰弌偟偰偔偩偝偄丅,,,,,,,,,,,,,,,,,,,,
惣怴廻,1乣8挌栚,battery power,揹抮,桳奞偛傒,Collection point,Take to a designated collection point.,巜掕偺夞廂応強傊弌偟偰偔偩偝偄丅,,,,,,,,,,,,,,,,,,,,
惣怴廻,1乣8挌栚,clothes hanger,僴儞僈乕,壜擱偛傒,Monday / Thursday,Dispose of as burnable waste.,壜擱偛傒偲偟偰弌偟偰偔偩偝偄丅,,,,,,,,,,,,,,,,,,,,
惣怴廻,1乣8挌栚,tower,僞儚乕,壜擱偛傒,Monday / Thursday,Dispose of as burnable waste.,壜擱偛傒偲偟偰弌偟偰偔偩偝偄丅,,,,,,,,,,,,,,,,,,,,
惣怴廻,1乣8挌栚,notebook,僲乕僩,壜擱偛傒,Monday / Thursday,Dispose of as burnable waste.,壜擱偛傒偲偟偰弌偟偰偔偩偝偄丅,,,,,,,,,,,,,,,,,,,,
惣怴廻,1乣8挌栚,rice cooker,悊斞婍,晄擱偛傒,Wednesday,Dispose of as non-burnable waste.,晄擱偛傒偲偟偰弌偟偰偔偩偝偄丅,,,,,,,,,,,,,,,,,,,,
惣怴廻,1乣8挌栚,plastic apron,僾儔僗僠僢僋僄僾儘儞,壜擱偛傒,Monday / Thursday,Dispose of as burnable waste.,壜擱偛傒偲偟偰弌偟偰偔偩偝偄丅,,,,,,,,,,,,,,,,,,,,
惣怴廻,1乣8挌栚,remote,儕儌僐儞,壜擱偛傒,Monday / Thursday,Dispose of as burnable waste.,壜擱偛傒偲偟偰弌偟偰偔偩偝偄丅,,,,,,,,,,,,,,,,,,,,
惣怴廻,1乣8挌栚,cartoon bag,巻戃,壜擱偛傒,Monday / Thursday,Dispose of as burnable waste.,壜擱偛傒偲偟偰弌偟偰偔偩偝偄丅,,,,,,,,,,,,,,,,,,,,
惣怴廻,1乣8挌栚,tissue,僥傿僢僔儏儁乕僷乕,壜擱偛傒,Monday / Thursday,Dispose of as burnable waste.,壜擱偛傒偲偟偰弌偟偰偔偩偝偄丅,,,,,,,,,,,,,,,,,,,,
惣怴廻,1乣8挌栚,wheel ,儂僀乕儖,壜擱偛傒,Monday / Thursday,Dispose of as burnable waste.,壜擱偛傒偲偟偰弌偟偰偔偩偝偄丅,,,,,,,,,,,,,,,,,,,,
惣怴廻,1乣8挌栚,makeup box,儊僀僋儃僢僋僗,壜擱偛傒,Monday / Thursday,Dispose of as burnable waste.,壜擱偛傒偲偟偰弌偟偰偔偩偝偄丅,,,,,,,,,,,,,,,,,,,,
惣怴廻,1乣8挌栚,phone stand,僗儅儂僗僞儞僪,壜擱偛傒,Monday / Thursday,Dispose of as burnable waste.,壜擱偛傒偲偟偰弌偟偰偔偩偝偄丅,,,,,,,,,,,,,,,,,,,,
惣怴廻,1乣8挌栚,newspaper,怴暦,帒尮偛傒,Tuesday,Rinse if necessary and recycle.,昁梫偵墳偠偰愻偄丄帒尮偛傒偲偟偰弌偟偰偔偩偝偄丅,,,,,,,,,,,,,,,,,,,,
惣怴廻,1乣8挌栚,A4,A4,壜擱偛傒,Monday / Thursday,Dispose of as burnable waste.,壜擱偛傒偲偟偰弌偟偰偔偩偝偄丅,,,,,,,,,,,,,,,,,,,,
惣怴廻,1乣8挌栚,microphone,儅僀僋,壜擱偛傒,Monday / Thursday,Dispose of as burnable waste.,壜擱偛傒偲偟偰弌偟偰偔偩偝偄丅,,,,,,,,,,,,,,,,,,,,
惣怴廻,1乣8挌栚,charger,廩揹婍,晄擱偛傒,Wednesday,Dispose of as non-burnable waste.,晄擱偛傒偲偟偰弌偟偰偔偩偝偄丅,,,,,,,,,,,,,,,,,,,,
惣怴廻,1乣8挌栚,keyboard,僉乕儃乕僪,晄擱偛傒,Wednesday,Dispose of as non-burnable waste.,晄擱偛傒偲偟偰弌偟偰偔偩偝偄丅,,,,,,,,,,,,,,,,,,,,
惣怴廻,1乣8挌栚,frying pan,僼儔僀僷儞,晄擱偛傒,Wednesday,Dispose of as non-burnable waste.,晄擱偛傒偲偟偰弌偟偰偔偩偝偄丅,,,,,,,,,,,,,,,,,,,,
惣怴廻,1乣8挌栚,backpack,儕儏僢僋,壜擱偛傒,Monday / Thursday,Dispose of as burnable waste.,壜擱偛傒偲偟偰弌偟偰偔偩偝偄丅,,,,,,,,,,,,,,,,,,,,
惣怴廻,1乣8挌栚,motorcycle helmet,僿儖儊僢僩,壜擱偛傒,Monday / Thursday,Dispose of as burnable waste.,壜擱偛傒偲偟偰弌偟偰偔偩偝偄丅,,,,,,,,,,,,,,,,,,,,
昐恖挰,1挌栚,electric shaver,僔僃乕僶乕,壜擱偛傒,Monday / Thursday,Dispose of as burnable waste.,壜擱偛傒偲偟偰弌偟偰偔偩偝偄丅,,,,,,,,,,,,,,,,,,,,
昐恖挰,1挌栚,Plastic gloves,僾儔僗僠僢僋庤戃丒僑儉庤戃,壜擱偛傒,Monday / Thursday,Dispose of as burnable waste.,壜擱偛傒偲偟偰弌偟偰偔偩偝偄丅,,,,,,,,,,,,,,,,,,,,
昐恖挰,1挌栚,plastic apron,僾儔僗僠僢僋僄僾儘儞,壜擱偛傒,Monday / Thursday,Dispose of as burnable waste.,壜擱偛傒偲偟偰弌偟偰偔偩偝偄丅,,,,,,,,,,,,,,,,,,,,
昐恖挰,1挌栚,Pencil,墧昅,壜擱偛傒,Monday / Thursday,Dispose of as burnable waste.,壜擱偛傒偲偟偰弌偟偰偔偩偝偄丅,,,,,,,,,,,,,,,,,,,,
昐恖挰,1挌栚,PLastic bag,僾儔僗僠僢僋戃丒儗僕戃,壜擱偛傒,Monday / Thursday,Dispose of as burnable waste.,壜擱偛傒偲偟偰弌偟偰偔偩偝偄丅,,,,,,,,,,,,,,,,,,,,
昐恖挰,1挌栚,Smart Phone,僗儅乕僩僼僅儞丒実懷揹榖,壜擱偛傒,Monday / Thursday,Dispose of as burnable waste.,壜擱偛傒偲偟偰弌偟偰偔偩偝偄丅,,,,,,,,,,,,,,,,,,,,
昐恖挰,1挌栚,Phone battery,揹抮,桳奞偛傒,Collection point,Take to a designated collection point.,巜掕偺夞廂応強傊弌偟偰偔偩偝偄丅,,,,,,,,,,,,,,,,,,,,
昐恖挰,1挌栚,water bottle,悈摏乮嬥懏惢丒僾儔惢乯,壜擱偛傒,Monday / Thursday,Dispose of as burnable waste.,壜擱偛傒偲偟偰弌偟偰偔偩偝偄丅,,,,,,,,,,,,,,,,,,,,
昐恖挰,1挌栚,laptop,僲乕僩僷僜僐儞,晄擱偛傒,Wednesday,Dispose of as non-burnable waste.,晄擱偛傒偲偟偰弌偟偰偔偩偝偄丅,,,,,,,,,,,,,,,,,,,,
昐恖挰,1挌栚,Rice cooker,悊斞婍,晄擱偛傒,Wednesday,Dispose of as non-burnable waste.,晄擱偛傒偲偟偰弌偟偰偔偩偝偄丅,,,,,,,,,,,,,,,,,,,,
昐恖挰,1挌栚,old clothes,屆拝丒屆慇堐,壜擱偛傒,Monday / Thursday,Dispose of as burnable waste.,壜擱偛傒偲偟偰弌偟偰偔偩偝偄丅,,,,,,,,,,,,,,,,,,,,
昐恖挰,1挌栚,plastic keychain,僉乕儂儖僟乕,壜擱偛傒,Monday / Thursday,Dispose of as burnable waste.,壜擱偛傒偲偟偰弌偟偰偔偩偝偄丅,,,,,,,,,,,,,,,,,,,,
昐恖挰,1挌栚,Luggage,僗乕僣働乕僗丒椃峴偐偽傫,壜擱偛傒,Monday / Thursday,Dispose of as burnable waste.,壜擱偛傒偲偟偰弌偟偰偔偩偝偄丅,,,,,,,,,,,,,,,,,,,,
昐恖挰,1挌栚,Umbrella,嶱,晄擱偛傒,Wednesday,Dispose of as non-burnable waste.,晄擱偛傒偲偟偰弌偟偰偔偩偝偄丅,,,,,,,,,,,,,,,,,,,,
昐恖挰,1挌栚,Shoes,孋丒僗僯乕僇乕,壜擱偛傒,Monday / Thursday,Dispose of as burnable waste.,壜擱偛傒偲偟偰弌偟偰偔偩偝偄丅,,,,,,,,,,,,,,,,,,,,
昐恖挰,1挌栚,tissues,僥傿僢僔儏儁乕僷乕乮巊梡嵪乯,壜擱偛傒,Monday / Thursday,Dispose of as burnable waste.,壜擱偛傒偲偟偰弌偟偰偔偩偝偄丅,,,,,,,,,,,,,,,,,,,,
昐恖挰,1挌栚,accessory,傾僋僙僒儕乕,壜擱偛傒,Monday / Thursday,Dispose of as burnable waste.,壜擱偛傒偲偟偰弌偟偰偔偩偝偄丅,,,,,,,,,,,,,,,,,,,,
昐恖挰,1挌栚,books,杮丒嶨帍,壜擱偛傒,Monday / Thursday,Dispose of as burnable waste.,壜擱偛傒偲偟偰弌偟偰偔偩偝偄丅,,,,,,,,,,,,,,,,,,,,
昐恖挰,1挌栚,pen,儃乕儖儁儞丒僒僀儞儁儞,壜擱偛傒,Monday / Thursday,Dispose of as burnable waste.,壜擱偛傒偲偟偰弌偟偰偔偩偝偄丅,,,,,,,,,,,,,,,,,,,,
昐恖挰,1挌栚,bed,儀僢僪,慹戝偛傒,Reservation required,Apply for Shinjuku bulky waste collection.,怴廻嬫偺慹戝偛傒廂廤傪怽偟崬傫偱偔偩偝偄丅,,,,,,,,,,,,,,,,,,,,
昐恖挰,1挌栚,paper,怴暦丒嶨偑傒乮巻偔偢乯,壜擱偛傒,Monday / Thursday,Dispose of as burnable waste.,壜擱偛傒偲偟偰弌偟偰偔偩偝偄丅,,,,,,,,,,,,,,,,,,,,
昐恖挰,1挌栚,hair dryer,僪儔僀儎乕,晄擱偛傒,Wednesday,Dispose of as non-burnable waste.,晄擱偛傒偲偟偰弌偟偰偔偩偝偄丅,,,,,,,,,,,,,,,,,,,,
昐恖挰,1挌栚,hair clip,僿傾僋儕僢僾,壜擱偛傒,Monday / Thursday,Dispose of as burnable waste.,壜擱偛傒偲偟偰弌偟偰偔偩偝偄丅,,,,,,,,,,,,,,,,,,,,
昐恖挰,1挌栚,mask,儅僗僋,壜擱偛傒,Monday / Thursday,Dispose of as burnable waste.,壜擱偛傒偲偟偰弌偟偰偔偩偝偄丅,,,,,,,,,,,,,,,,,,,,
昐恖挰,1挌栚,len,儗儞僘 / 僐儞僞僋僩儗儞僘,壜擱偛傒,Monday / Thursday,Dispose of as burnable waste.,壜擱偛傒偲偟偰弌偟偰偔偩偝偄丅,,,,,,,,,,,,,,,,,,,,
昐恖挰,1挌栚,eye glass,儊僈僱,壜擱偛傒,Monday / Thursday,Dispose of as burnable waste.,壜擱偛傒偲偟偰弌偟偰偔偩偝偄丅,,,,,,,,,,,,,,,,,,,,
昐恖挰,1挌栚,slipper,僗儕僢僷,壜擱偛傒,Monday / Thursday,Dispose of as burnable waste.,壜擱偛傒偲偟偰弌偟偰偔偩偝偄丅,,,,,,,,,,,,,,,,,,,,
昐恖挰,1挌栚,beer bottle,價乕儖時,壜擱偛傒,Monday / Thursday,Dispose of as burnable waste.,壜擱偛傒偲偟偰弌偟偰偔偩偝偄丅,,,,,,,,,,,,,,,,,,,,
昐恖挰,1挌栚,gas bottle,僈僗儃儞儀 / 僇僙僢僩儃儞儀,壜擱偛傒,Monday / Thursday,Dispose of as burnable waste.,壜擱偛傒偲偟偰弌偟偰偔偩偝偄丅,,,,,,,,,,,,,,,,,,,,
昐恖挰,1挌栚,kitchen waste,惗偛傒 (惗僑儈),壜擱偛傒,Monday / Thursday,Dispose of as burnable waste.,壜擱偛傒偲偟偰弌偟偰偔偩偝偄丅,,,,,,,,,,,,,,,,,,,,
昐恖挰,2挌栚,plastic hanger,僾儔僗僠僢僋惢僴儞僈乕,壜擱偛傒,Monday / Thursday,Dispose of as burnable waste.,壜擱偛傒偲偟偰弌偟偰偔偩偝偄丅,,,,,,,,,,,,,,,,,,,,
昐恖挰,2挌栚,metal hanger,恓嬥僴儞僈乕 / 嬥懏惢僴儞僈乕,壜擱偛傒,Monday / Thursday,Dispose of as burnable waste.,壜擱偛傒偲偟偰弌偟偰偔偩偝偄丅,,,,,,,,,,,,,,,,,,,,
昐恖挰,2挌栚,aluminum foil,傾儖儈儂僀儖,帒尮偛傒,Tuesday,Rinse if necessary and recycle.,昁梫偵墳偠偰愻偄丄帒尮偛傒偲偟偰弌偟偰偔偩偝偄丅,,,,,,,,,,,,,,,,,,,,
昐恖挰,2挌栚,plastic bucket,僾儔僗僠僢僋惢僶働僣,壜擱偛傒,Monday / Thursday,Dispose of as burnable waste.,壜擱偛傒偲偟偰弌偟偰偔偩偝偄丅,,,,,,,,,,,,,,,,,,,,
昐恖挰,2挌栚,light bulb,揹媴,壜擱偛傒,Monday / Thursday,Dispose of as burnable waste.,壜擱偛傒偲偟偰弌偟偰偔偩偝偄丅,,,,,,,,,,,,,,,,,,,,
昐恖挰,2挌栚,mirror,嬀,晄擱偛傒,Wednesday,Dispose of as non-burnable waste.,晄擱偛傒偲偟偰弌偟偰偔偩偝偄丅,,,,,,,,,,,,,,,,,,,,
昐恖挰,2挌栚,batteries,姡揹抮 / 揹抮,壜擱偛傒,Monday / Thursday,Dispose of as burnable waste.,壜擱偛傒偲偟偰弌偟偰偔偩偝偄丅,,,,,,,,,,,,,,,,,,,,
昐恖挰,2挌栚,tooth brush,帟僽儔僔,壜擱偛傒,Monday / Thursday,Dispose of as burnable waste.,壜擱偛傒偲偟偰弌偟偰偔偩偝偄丅,,,,,,,,,,,,,,,,,,,,
昐恖挰,2挌栚,milk carton,媿擕僷僢僋,帒尮偛傒,Tuesday,Rinse if necessary and recycle.,昁梫偵墳偠偰愻偄丄帒尮偛傒偲偟偰弌偟偰偔偩偝偄丅,,,,,,,,,,,,,,,,,,,,
昐恖挰,2挌栚,frying pan,僼儔僀僷儞,晄擱偛傒,Wednesday,Dispose of as non-burnable waste.,晄擱偛傒偲偟偰弌偟偰偔偩偝偄丅,,,,,,,,,,,,,,,,,,,,
昐恖挰,2挌栚,shampoo bottle,僔儍儞僾乕偺儃僩儖,壜擱偛傒,Monday / Thursday,Dispose of as burnable waste.,壜擱偛傒偲偟偰弌偟偰偔偩偝偄丅,,,,,,,,,,,,,,,,,,,,
昐恖挰,2挌栚,cooking oil bottle,怘梡桘偺儃僩儖,壜擱偛傒,Monday / Thursday,Dispose of as burnable waste.,壜擱偛傒偲偟偰弌偟偰偔偩偝偄丅,,,,,,,,,,,,,,,,,,,,
昐恖挰,2挌栚,lipstick,岥峠 / 儕僢僾僗僥傿僢僋,壜擱偛傒,Monday / Thursday,Dispose of as burnable waste.,壜擱偛傒偲偟偰弌偟偰偔偩偝偄丅,,,,,,,,,,,,,,,,,,,,
昐恖挰,2挌栚,plastic container,僾儔僗僠僢僋梕婍,帒尮偛傒,Tuesday,Rinse if necessary and recycle.,昁梫偵墳偠偰愻偄丄帒尮偛傒偲偟偰弌偟偰偔偩偝偄丅,,,,,,,,,,,,,,,,,,,,
昐恖挰,2挌栚,bubble wrap,婥朅娚徴嵽 (僾僠僾僠),壜擱偛傒,Monday / Thursday,Dispose of as burnable waste.,壜擱偛傒偲偟偰弌偟偰偔偩偝偄丅,,,,,,,,,,,,,,,,,,,,
昐恖挰,2挌栚,steel can,僗僠乕儖娛,帒尮偛傒,Tuesday,Rinse if necessary and recycle.,昁梫偵墳偠偰愻偄丄帒尮偛傒偲偟偰弌偟偰偔偩偝偄丅,,,,,,,,,,,,,,,,,,,,
昐恖挰,2挌栚,notebook,僲乕僩,壜擱偛傒,Monday / Thursday,Dispose of as burnable waste.,壜擱偛傒偲偟偰弌偟偰偔偩偝偄丅,,,,,,,,,,,,,,,,,,,,
昐恖挰,2挌栚,leather shoes,妚孋,壜擱偛傒,Monday / Thursday,Dispose of as burnable waste.,壜擱偛傒偲偟偰弌偟偰偔偩偝偄丅,,,,,,,,,,,,,,,,,,,,
昐恖挰,2挌栚,marker pen,儅乕僇乕儁儞 / 儅僕僢僋,壜擱偛傒,Monday / Thursday,Dispose of as burnable waste.,壜擱偛傒偲偟偰弌偟偰偔偩偝偄丅,,,,,,,,,,,,,,,,,,,,
昐恖挰,2挌栚,envelope,晻摏,壜擱偛傒,Monday / Thursday,Dispose of as burnable waste.,壜擱偛傒偲偟偰弌偟偰偔偩偝偄丅,,,,,,,,,,,,,,,,,,,,
昐恖挰,2挌栚,vape,揹巕僞僶僐 / 儀僀僾,壜擱偛傒,Monday / Thursday,Dispose of as burnable waste.,壜擱偛傒偲偟偰弌偟偰偔偩偝偄丅,,,,,,,,,,,,,,,,,,,,
昐恖挰,2挌栚,plastic ruler,僾儔僗僠僢僋惢掕婯,壜擱偛傒,Monday / Thursday,Dispose of as burnable waste.,壜擱偛傒偲偟偰弌偟偰偔偩偝偄丅,,,,,,,,,,,,,,,,,,,,
昐恖挰,2挌栚,medicine blister pack,栻偺忶嵻僔乕僩,壜擱偛傒,Monday / Thursday,Dispose of as burnable waste.,壜擱偛傒偲偟偰弌偟偰偔偩偝偄丅,,,,,,,,,,,,,,,,,,,,
昐恖挰,2挌栚,glass lid,僈儔僗偺奧,壜擱偛傒,Monday / Thursday,Dispose of as burnable waste.,壜擱偛傒偲偟偰弌偟偰偔偩偝偄丅,,,,,,,,,,,,,,,,,,,,
昐恖挰,2挌栚,laundry detergent box,愻嵻偺敔,壜擱偛傒,Monday / Thursday,Dispose of as burnable waste.,壜擱偛傒偲偟偰弌偟偰偔偩偝偄丅,,,,,,,,,,,,,,,,,,,,
昐恖挰,2挌栚,pet food can,儁僢僩僼乕僪偺娛,帒尮偛傒,Tuesday,Rinse if necessary and recycle.,昁梫偵墳偠偰愻偄丄帒尮偛傒偲偟偰弌偟偰偔偩偝偄丅,,,,,,,,,,,,,,,,,,,,
昐恖挰,3挌栚,masking tape,儅僗僉儞僌僥乕僾,壜擱偛傒,Monday / Thursday,Dispose of as burnable waste.,壜擱偛傒偲偟偰弌偟偰偔偩偝偄丅,,,,,,,,,,,,,,,,,,,,
昐恖挰,3挌栚,pillow,枍,壜擱偛傒,Monday / Thursday,Dispose of as burnable waste.,壜擱偛傒偲偟偰弌偟偰偔偩偝偄丅,,,,,,,,,,,,,,,,,,,,
昐恖挰,3挌栚,cotton swab,柸朹,壜擱偛傒,Monday / Thursday,Dispose of as burnable waste.,壜擱偛傒偲偟偰弌偟偰偔偩偝偄丅,,,,,,,,,,,,,,,,,,,,
昐恖挰,3挌栚,towel,僞僆儖丒僶僗僞僆儖,壜擱偛傒,Monday / Thursday,Dispose of as burnable waste.,壜擱偛傒偲偟偰弌偟偰偔偩偝偄丅,,,,,,,,,,,,,,,,,,,,
昐恖挰,3挌栚,straw,僗僩儘乕,壜擱偛傒,Monday / Thursday,Dispose of as burnable waste.,壜擱偛傒偲偟偰弌偟偰偔偩偝偄丅,,,,,,,,,,,,,,,,,,,,
昐恖挰,3挌栚,key,尞,壜擱偛傒,Monday / Thursday,Dispose of as burnable waste.,壜擱偛傒偲偟偰弌偟偰偔偩偝偄丅,,,,,,,,,,,,,,,,,,,,
昐恖挰,3挌栚,wet wipes,僂僃僢僩僥傿僢僔儏,壜擱偛傒,Monday / Thursday,Dispose of as burnable waste.,壜擱偛傒偲偟偰弌偟偰偔偩偝偄丅,,,,,,,,,,,,,,,,,,,,
昐恖挰,3挌栚,plastic spoon,僾儔僗僠僢僋偺僗僾乕儞丒僼僅乕僋,晄擱偛傒,Wednesday,Dispose of as non-burnable waste.,晄擱偛傒偲偟偰弌偟偰偔偩偝偄丅,,,,,,,,,,,,,,,,,,,,
昐恖挰,3挌栚,umbrella vinyl,價僯乕儖嶱,晄擱偛傒,Wednesday,Dispose of as non-burnable waste.,晄擱偛傒偲偟偰弌偟偰偔偩偝偄丅,,,,,,,,,,,,,,,,,,,,
昐恖挰,3挌栚,extension cord,墑挿僐乕僪,晄擱偛傒,Wednesday,Dispose of as non-burnable waste.,晄擱偛傒偲偟偰弌偟偰偔偩偝偄丅,,,,,,,,,,,,,,,,,,,,
昐恖挰,3挌栚,silica gel,僔儕僇僎儖 (姡憞嵻),壜擱偛傒,Monday / Thursday,Dispose of as burnable waste.,壜擱偛傒偲偟偰弌偟偰偔偩偝偄丅,,,,,,,,,,,,,,,,,,,,
昐恖挰,3挌栚,cosmetic bottle,壔徬昳偺儃僩儖,壜擱偛傒,Monday / Thursday,Dispose of as burnable waste.,壜擱偛傒偲偟偰弌偟偰偔偩偝偄丅,,,,,,,,,,,,,,,,,,,,
昐恖挰,3挌栚,gift wrapping ribbon,儔僢僺儞僌梡儕儃儞,壜擱偛傒,Monday / Thursday,Dispose of as burnable waste.,壜擱偛傒偲偟偰弌偟偰偔偩偝偄丅,,,,,,,,,,,,,,,,,,,,
昐恖挰,3挌栚,metal pot,撶 (嬥懏惢),晄擱偛傒,Wednesday,Dispose of as non-burnable waste.,晄擱偛傒偲偟偰弌偟偰偔偩偝偄丅,,,,,,,,,,,,,,,,,,,,
昐恖挰,3挌栚,metal pot,撶乮嬥懏惢乯,晄擱偛傒,Wednesday,Dispose of as non-burnable waste.,晄擱偛傒偲偟偰弌偟偰偔偩偝偄丅,,,,,,,,,,,,,,,,,,,,
昐恖挰,3挌栚,plastic bowl,愻柺婍乮僾儔僗僠僢僋惢乯,壜擱偛傒,Monday / Thursday,Dispose of as burnable waste.,壜擱偛傒偲偟偰弌偟偰偔偩偝偄丅,,,,,,,,,,,,,,,,,,,,
昐恖挰,3挌栚,plastic comb,偔偟丒僐乕儉乮僾儔惢乯,壜擱偛傒,Monday / Thursday,Dispose of as burnable waste.,壜擱偛傒偲偟偰弌偟偰偔偩偝偄丅,,,,,,,,,,,,,,,,,,,,
昐恖挰,3挌栚,cooking sheet,僋僢僉儞僌僔乕僩,壜擱偛傒,Monday / Thursday,Dispose of as burnable waste.,壜擱偛傒偲偟偰弌偟偰偔偩偝偄丅,,,,,,,,,,,,,,,,,,,,
昐恖挰,3挌栚,camera,僇儊儔,壜擱偛傒,Monday / Thursday,Dispose of as burnable waste.,壜擱偛傒偲偟偰弌偟偰偔偩偝偄丅,,,,,,,,,,,,,,,,,,,,
昐恖挰,3挌栚,microwave,揹巕儗儞僕,壜擱偛傒,Monday / Thursday,Dispose of as burnable waste.,壜擱偛傒偲偟偰弌偟偰偔偩偝偄丅,,,,,,,,,,,,,,,,,,,,
昐恖挰,3挌栚,sunglass,僒儞僌儔僗,壜擱偛傒,Monday / Thursday,Dispose of as burnable waste.,壜擱偛傒偲偟偰弌偟偰偔偩偝偄丅,,,,,,,,,,,,,,,,,,,,
昐恖挰,4挌栚,calculator,揹戩乮彫宆寁嶼婡乯,壜擱偛傒,Monday / Thursday,Dispose of as burnable waste.,壜擱偛傒偲偟偰弌偟偰偔偩偝偄丅,,,,,,,,,,,,,,,,,,,,
昐恖挰,4挌栚,matress,儅僢僩儗僗,壜擱偛傒,Monday / Thursday,Dispose of as burnable waste.,壜擱偛傒偲偟偰弌偟偰偔偩偝偄丅,,,,,,,,,,,,,,,,,,,,
昐恖挰,4挌栚,met,僿儖儊僢僩,壜擱偛傒,Monday / Thursday,Dispose of as burnable waste.,壜擱偛傒偲偟偰弌偟偰偔偩偝偄丅,,,,,,,,,,,,,,,,,,,,
昐恖挰,4挌栚,iron,傾僀儘儞,壜擱偛傒,Monday / Thursday,Dispose of as burnable waste.,壜擱偛傒偲偟偰弌偟偰偔偩偝偄丅,,,,,,,,,,,,,,,,,,,,
昐恖挰,4挌栚,earphone,僀儎儂儞,壜擱偛傒,Monday / Thursday,Dispose of as burnable waste.,壜擱偛傒偲偟偰弌偟偰偔偩偝偄丅,,,,,,,,,,,,,,,,,,,,
昐恖挰,4挌栚,headphone,僿僢僪儂儞,壜擱偛傒,Monday / Thursday,Dispose of as burnable waste.,壜擱偛傒偲偟偰弌偟偰偔偩偝偄丅,,,,,,,,,,,,,,,,,,,,
昐恖挰,4挌栚,keyboard,僉乕儃乕僪,晄擱偛傒,Wednesday,Dispose of as non-burnable waste.,晄擱偛傒偲偟偰弌偟偰偔偩偝偄丅,,,,,,,,,,,,,,,,,,,,
昐恖挰,4挌栚,seat,堉巕 / 嵗惾,壜擱偛傒,Monday / Thursday,Dispose of as burnable waste.,壜擱偛傒偲偟偰弌偟偰偔偩偝偄丅,,,,,,,,,,,,,,,,,,,,
昐恖挰,4挌栚,smartwatch,僗儅乕僩僂僅僢僠,壜擱偛傒,Monday / Thursday,Dispose of as burnable waste.,壜擱偛傒偲偟偰弌偟偰偔偩偝偄丅,,,,,,,,,,,,,,,,,,,,
昐恖挰,4挌栚,plastic toy,僾儔僗僠僢僋偺偍傕偪傖,壜擱偛傒,Monday / Thursday,Dispose of as burnable waste.,壜擱偛傒偲偟偰弌偟偰偔偩偝偄丅,,,,,,,,,,,,,,,,,,,,
昐恖挰,4挌栚,memory stick,儊儌儕乕僗僥傿僢僋 / USB儊儌儕,壜擱偛傒,Monday / Thursday,Dispose of as burnable waste.,壜擱偛傒偲偟偰弌偟偰偔偩偝偄丅,,,,,,,,,,,,,,,,,,,,
昐恖挰,4挌栚,carpet,僇乕儁僢僩 / 鉕焴,帒尮偛傒,Tuesday,Rinse if necessary and recycle.,昁梫偵墳偠偰愻偄丄帒尮偛傒偲偟偰弌偟偰偔偩偝偄丅,,,,,,,,,,,,,,,,,,,,
昐恖挰,4挌栚,table,僥乕僽儖 / 婘,慹戝偛傒,Reservation required,Apply for Shinjuku bulky waste collection.,怴廻嬫偺慹戝偛傒廂廤傪怽偟崬傫偱偔偩偝偄丅,,,,,,,,,,,,,,,,,,,,
昐恖挰,4挌栚,plastic closet,僾儔僗僠僢僋惢堖憰働乕僗 / 僋儘乕僛僢僩,壜擱偛傒,Monday / Thursday,Dispose of as burnable waste.,壜擱偛傒偲偟偰弌偟偰偔偩偝偄丅,,,,,,,,,,,,,,,,,,,,
昐恖挰,4挌栚,calculator,揹戩,壜擱偛傒,Monday / Thursday,Dispose of as burnable waste.,壜擱偛傒偲偟偰弌偟偰偔偩偝偄丅,,,,,,,,,,,,,,,,,,,,
昐恖挰,4挌栚,clock,帪寁,壜擱偛傒,Monday / Thursday,Dispose of as burnable waste.,壜擱偛傒偲偟偰弌偟偰偔偩偝偄丅,,,,,,,,,,,,,,,,,,,,
昐恖挰,4挌栚,Dumbbell,僟儞儀儖,壜擱偛傒,Monday / Thursday,Dispose of as burnable waste.,壜擱偛傒偲偟偰弌偟偰偔偩偝偄丅,,,,,,,,,,,,,,,,,,,,
昐恖挰,4挌栚,DVD /CD,DVD / CD,壜擱偛傒,Monday / Thursday,Dispose of as burnable waste.,壜擱偛傒偲偟偰弌偟偰偔偩偝偄丅,,,,,,,,,,,,,,,,,,,,
昐恖挰,4挌栚,Radio,儔僕僆,壜擱偛傒,Monday / Thursday,Dispose of as burnable waste.,壜擱偛傒偲偟偰弌偟偰偔偩偝偄丅,,,,,,,,,,,,,,,,,,,,
昐恖挰,4挌栚,cardboard box,抜儃乕儖 (僟儞儃乕儖),帒尮偛傒,Tuesday,Rinse if necessary and recycle.,昁梫偵墳偠偰愻偄丄帒尮偛傒偲偟偰弌偟偰偔偩偝偄丅,,,,,,,,,,,,,,,,,,,,
昐恖挰,4挌栚,electric fan,愵晽婡,壜擱偛傒,Monday / Thursday,Dispose of as burnable waste.,壜擱偛傒偲偟偰弌偟偰偔偩偝偄丅,,,,,,,,,,,,,,,,,,,,
昐恖挰,4挌栚,Newspaper,怴暦,帒尮偛傒,Tuesday,Rinse if necessary and recycle.,昁梫偵墳偠偰愻偄丄帒尮偛傒偲偟偰弌偟偰偔偩偝偄丅,,,,,,,,,,,,,,,,,,,,
昐恖挰,4挌栚,electric blanket,揹婥栄晍,壜擱偛傒,Monday / Thursday,Dispose of as burnable waste.,壜擱偛傒偲偟偰弌偟偰偔偩偝偄丅,,,,,,,,,,,,,,,,,,,,
壧晳婈挰,1挌栚,Newspaper,怴暦,帒尮偛傒,Tuesday,Rinse if necessary and recycle.,昁梫偵墳偠偰愻偄丄帒尮偛傒偲偟偰弌偟偰偔偩偝偄丅,,,,,,,,,,,,,,,,,,,,
壧晳婈挰,1挌栚,recycled paper,屆巻,壜擱偛傒,Monday / Thursday,Dispose of as burnable waste.,壜擱偛傒偲偟偰弌偟偰偔偩偝偄丅,,,,,,,,,,,,,,,,,,,,
壧晳婈挰,1挌栚,magzines,嶨帍,壜擱偛傒,Monday / Thursday,Dispose of as burnable waste.,壜擱偛傒偲偟偰弌偟偰偔偩偝偄丅,,,,,,,,,,,,,,,,,,,,
壧晳婈挰,1挌栚,cardboard box,抜儃乕儖,帒尮偛傒,Tuesday,Rinse if necessary and recycle.,昁梫偵墳偠偰愻偄丄帒尮偛傒偲偟偰弌偟偰偔偩偝偄丅,,,,,,,,,,,,,,,,,,,,
壧晳婈挰,1挌栚,plastic trays,僾儔僗僠僢僋丂僩儗乕,壜擱偛傒,Monday / Thursday,Dispose of as burnable waste.,壜擱偛傒偲偟偰弌偟偰偔偩偝偄丅,,,,,,,,,,,,,,,,,,,,
壧晳婈挰,1挌栚,plastic cups,僾儔僗僠僢僋丂僐僢僾,壜擱偛傒,Monday / Thursday,Dispose of as burnable waste.,壜擱偛傒偲偟偰弌偟偰偔偩偝偄丅,,,,,,,,,,,,,,,,,,,,
壧晳婈挰,1挌栚,egg cartons,棏僷僢僋,壜擱偛傒,Monday / Thursday,Dispose of as burnable waste.,壜擱偛傒偲偟偰弌偟偰偔偩偝偄丅,,,,,,,,,,,,,,,,,,,,
壧晳婈挰,1挌栚,glass bottles,堸椏傃傫,帒尮偛傒,Tuesday,Rinse if necessary and recycle.,昁梫偵墳偠偰愻偄丄帒尮偛傒偲偟偰弌偟偰偔偩偝偄丅,,,,,,,,,,,,,,,,,,,,
壧晳婈挰,1挌栚,food seasoning bottles,挷枴椏傃傫,壜擱偛傒,Monday / Thursday,Dispose of as burnable waste.,壜擱偛傒偲偟偰弌偟偰偔偩偝偄丅,,,,,,,,,,,,,,,,,,,,
壧晳婈挰,1挌栚,cosmetic bottles,壔徬昳傃傫,壜擱偛傒,Monday / Thursday,Dispose of as burnable waste.,壜擱偛傒偲偟偰弌偟偰偔偩偝偄丅,,,,,,,,,,,,,,,,,,,,
壧晳婈挰,1挌栚,aluminum cans,傾儖儈娛,帒尮偛傒,Tuesday,Rinse if necessary and recycle.,昁梫偵墳偠偰愻偄丄帒尮偛傒偲偟偰弌偟偰偔偩偝偄丅,,,,,,,,,,,,,,,,,,,,
壧晳婈挰,1挌栚,steel cans,僗僠乕儖娛,帒尮偛傒,Tuesday,Rinse if necessary and recycle.,昁梫偵墳偠偰愻偄丄帒尮偛傒偲偟偰弌偟偰偔偩偝偄丅,,,,,,,,,,,,,,,,,,,,
壧晳婈挰,1挌栚,pet bottles,儁僢僩儃僩儖,帒尮偛傒,Tuesday,Rinse if necessary and recycle.,昁梫偵墳偠偰愻偄丄帒尮偛傒偲偟偰弌偟偰偔偩偝偄丅,,,,,,,,,,,,,,,,,,,,
壧晳婈挰,1挌栚,spray cans,僗僾儗乕娛,壜擱偛傒,Monday / Thursday,Dispose of as burnable waste.,壜擱偛傒偲偟偰弌偟偰偔偩偝偄丅,,,,,,,,,,,,,,,,,,,,
壧晳婈挰,1挌栚,gas cylinders,僇僙僢僩儃儞儀,壜擱偛傒,Monday / Thursday,Dispose of as burnable waste.,壜擱偛傒偲偟偰弌偟偰偔偩偝偄丅,,,,,,,,,,,,,,,,,,,,
壧晳婈挰,1挌栚,dry batteries,姡揹抮,壜擱偛傒,Monday / Thursday,Dispose of as burnable waste.,壜擱偛傒偲偟偰弌偟偰偔偩偝偄丅,,,,,,,,,,,,,,,,,,,,
壧晳婈挰,1挌栚,food waste,惗僑儈,壜擱偛傒,Monday / Thursday,Dispose of as burnable waste.,壜擱偛傒偲偟偰弌偟偰偔偩偝偄丅,,,,,,,,,,,,,,,,,,,,
壧晳婈挰,1挌栚,paper scraps,巻偔偢,壜擱偛傒,Monday / Thursday,Dispose of as burnable waste.,壜擱偛傒偲偟偰弌偟偰偔偩偝偄丅,,,,,,,,,,,,,,,,,,,,
壧晳婈挰,1挌栚,diapers,巻偍傓偮,壜擱偛傒,Monday / Thursday,Dispose of as burnable waste.,壜擱偛傒偲偟偰弌偟偰偔偩偝偄丅,,,,,,,,,,,,,,,,,,,,
壧晳婈挰,1挌栚,rubber products,僑儉惢昳,壜擱偛傒,Monday / Thursday,Dispose of as burnable waste.,壜擱偛傒偲偟偰弌偟偰偔偩偝偄丅,,,,,,,,,,,,,,,,,,,,
壧晳婈挰,1挌栚,leather products,妚惢昳,壜擱偛傒,Monday / Thursday,Dispose of as burnable waste.,壜擱偛傒偲偟偰弌偟偰偔偩偝偄丅,,,,,,,,,,,,,,,,,,,,
壧晳婈挰,1挌栚,clothes,堖椶,壜擱偛傒,Monday / Thursday,Dispose of as burnable waste.,壜擱偛傒偲偟偰弌偟偰偔偩偝偄丅,,,,,,,,,,,,,,,,,,,,
壧晳婈挰,1挌栚,shoes,孋,壜擱偛傒,Monday / Thursday,Dispose of as burnable waste.,壜擱偛傒偲偟偰弌偟偰偔偩偝偄丅,,,,,,,,,,,,,,,,,,,,
壧晳婈挰,1挌栚,small wooden items,栘偔偢,壜擱偛傒,Monday / Thursday,Dispose of as burnable waste.,壜擱偛傒偲偟偰弌偟偰偔偩偝偄丅,,,,,,,,,,,,,,,,,,,,
壧晳婈挰,1挌栚,frying pan,僼儔僀僷儞,晄擱偛傒,Wednesday,Dispose of as non-burnable waste.,晄擱偛傒偲偟偰弌偟偰偔偩偝偄丅,,,,,,,,,,,,,,,,,,,,
壧晳婈挰,1挌栚,pots,撶,晄擱偛傒,Wednesday,Dispose of as non-burnable waste.,晄擱偛傒偲偟偰弌偟偰偔偩偝偄丅,,,,,,,,,,,,,,,,,,,,
壧晳婈挰,1挌栚,kettles,傗偐傫,晄擱偛傒,Wednesday,Dispose of as non-burnable waste.,晄擱偛傒偲偟偰弌偟偰偔偩偝偄丅,,,,,,,,,,,,,,,,,,,,
壧晳婈挰,1挌栚,plates,嶮,壜擱偛傒,Monday / Thursday,Dispose of as burnable waste.,壜擱偛傒偲偟偰弌偟偰偔偩偝偄丅,,,,,,,,,,,,,,,,,,,,
壧晳婈挰,1挌栚,mirror,嬀,晄擱偛傒,Wednesday,Dispose of as non-burnable waste.,晄擱偛傒偲偟偰弌偟偰偔偩偝偄丅,,,,,,,,,,,,,,,,,,,,
壧晳婈挰,1挌栚,glass,僈儔僗僐僢僾,壜擱偛傒,Monday / Thursday,Dispose of as burnable waste.,壜擱偛傒偲偟偰弌偟偰偔偩偝偄丅,,,,,,,,,,,,,,,,,,,,
壧晳婈挰,1挌栚,beds,儀僢僪,慹戝偛傒,Reservation required,Apply for Shinjuku bulky waste collection.,怴廻嬫偺慹戝偛傒廂廤傪怽偟崬傫偱偔偩偝偄丅,,,,,,,,,,,,,,,,,,,,
壧晳婈挰,1挌栚,sofas,僜僼傽,慹戝偛傒,Reservation required,Apply for Shinjuku bulky waste collection.,怴廻嬫偺慹戝偛傒廂廤傪怽偟崬傫偱偔偩偝偄丅,,,,,,,,,,,,,,,,,,,,
壧晳婈挰,1挌栚,tables,僥乕僽儖,慹戝偛傒,Reservation required,Apply for Shinjuku bulky waste collection.,怴廻嬫偺慹戝偛傒廂廤傪怽偟崬傫偱偔偩偝偄丅,,,,,,,,,,,,,,,,,,,,
壧晳婈挰,1挌栚,chairs,堉巕,壜擱偛傒,Monday / Thursday,Dispose of as burnable waste.,壜擱偛傒偲偟偰弌偟偰偔偩偝偄丅,,,,,,,,,,,,,,,,,,,,
壧晳婈挰,1挌栚,bicycles,帺揮幵,慹戝偛傒,Reservation required,Apply for Shinjuku bulky waste collection.,怴廻嬫偺慹戝偛傒廂廤傪怽偟崬傫偱偔偩偝偄丅,,,,,,,,,,,,,,,,,,,,
壧晳婈挰,1挌栚,ice packs,曐椻嵻,壜擱偛傒,Monday / Thursday,Dispose of as burnable waste.,壜擱偛傒偲偟偰弌偟偰偔偩偝偄丅,,,,,,,,,,,,,,,,,,,,
壧晳婈挰,1挌栚,sanitary products,惗棟梡昳,壜擱偛傒,Monday / Thursday,Dispose of as burnable waste.,壜擱偛傒偲偟偰弌偟偰偔偩偝偄丅,,,,,,,,,,,,,,,,,,,,
壧晳婈挰,1挌栚,cigarette butts,偨偽偙偺媧偄妅,壜擱偛傒,Monday / Thursday,Dispose of as burnable waste.,壜擱偛傒偲偟偰弌偟偰偔偩偝偄丅,,,,,,,,,,,,,,,,,,,,
壧晳婈挰,1挌栚,stuffed toys,偸偄偖傞傒,壜擱偛傒,Monday / Thursday,Dispose of as burnable waste.,壜擱偛傒偲偟偰弌偟偰偔偩偝偄丅,,,,,,,,,,,,,,,,,,,,
壧晳婈挰,1挌栚,CD.DVD,CD丒DVD,壜擱偛傒,Monday / Thursday,Dispose of as burnable waste.,壜擱偛傒偲偟偰弌偟偰偔偩偝偄丅,,,,,,,,,,,,,,,,,,,,
壧晳婈挰,1挌栚,shoes,孋,壜擱偛傒,Monday / Thursday,Dispose of as burnable waste.,壜擱偛傒偲偟偰弌偟偰偔偩偝偄丅,,,,,,,,,,,,,,,,,,,,
壧晳婈挰,1挌栚,umbrella,嶱,晄擱偛傒,Wednesday,Dispose of as non-burnable waste.,晄擱偛傒偲偟偰弌偟偰偔偩偝偄丅,,,,,,,,,,,,,,,,,,,,
壧晳婈挰,1挌栚,lighters,儔僀僞乕,桳奞偛傒,Collection point,Take to a designated collection point.,巜掕偺夞廂応強傊弌偟偰偔偩偝偄丅,,,,,,,,,,,,,,,,,,,,
壧晳婈挰,1挌栚,styrofoam,敪朅僗僠儘乕儖,壜擱偛傒,Monday / Thursday,Dispose of as burnable waste.,壜擱偛傒偲偟偰弌偟偰偔偩偝偄丅,,,,,,,,,,,,,,,,,,,,
壧晳婈挰,1挌栚,coin,峝壿,壜擱偛傒,Monday / Thursday,Dispose of as burnable waste.,壜擱偛傒偲偟偰弌偟偰偔偩偝偄丅,,,,,,,,,,,,,,,,,,,,
壧晳婈挰,1挌栚,mattress,儅僢僩儗僗,慹戝偛傒,Reservation required,Apply for Shinjuku bulky waste collection.,怴廻嬫偺慹戝偛傒廂廤傪怽偟崬傫偱偔偩偝偄丅,,,,,,,,,,,,,,,,,,,,
壧晳婈挰,1挌栚,extension cord,墑挿僐乕僪,晄擱偛傒,Wednesday,Dispose of as non-burnable waste.,晄擱偛傒偲偟偰弌偟偰偔偩偝偄丅,,,,,,,,,,,,,,,,,,,,
壧晳婈挰,1挌栚,hair dryer,僪儔僀儎乕,晄擱偛傒,Wednesday,Dispose of as non-burnable waste.,晄擱偛傒偲偟偰弌偟偰偔偩偝偄丅,,,,,,,,,,,,,,,,,,,,
壧晳婈挰,1挌栚,printer ink,僾儕儞僞乕僀儞僋,晄擱偛傒,Wednesday,Dispose of as non-burnable waste.,晄擱偛傒偲偟偰弌偟偰偔偩偝偄丅,,,,,,,,,,,,,,,,,,,,
壧晳婈挰,1挌栚,hair iron,傊傾傾僀儘儞,晄擱偛傒,Wednesday,Dispose of as non-burnable waste.,晄擱偛傒偲偟偰弌偟偰偔偩偝偄丅,,,,,,,,,,,,,,,,,,,,
壧晳婈挰,1挌栚,plant pot,怉栘敨,晄擱偛傒,Wednesday,Dispose of as non-burnable waste.,晄擱偛傒偲偟偰弌偟偰偔偩偝偄丅,,,,,,,,,,,,,,,,,,,,
壧晳婈挰,1挌栚,metal spoon,嬥懏僗僾乕儞,晄擱偛傒,Wednesday,Dispose of as non-burnable waste.,晄擱偛傒偲偟偰弌偟偰偔偩偝偄丅,,,,,,,,,,,,,,,,,,,,
壧晳婈挰,1挌栚,notebook,僲乕僩,壜擱偛傒,Monday / Thursday,Dispose of as burnable waste.,壜擱偛傒偲偟偰弌偟偰偔偩偝偄丅,,,,,,,,,,,,,,,,,,,,
壧晳婈挰,1挌栚,towel,僞僆儖,壜擱偛傒,Monday / Thursday,Dispose of as burnable waste.,壜擱偛傒偲偟偰弌偟偰偔偩偝偄丅,,,,,,,,,,,,,,,,,,,,
壧晳婈挰,1挌栚,tooth brush,帟僽儔僔,壜擱偛傒,Monday / Thursday,Dispose of as burnable waste.,壜擱偛傒偲偟偰弌偟偰偔偩偝偄丅,,,,,,,,,,,,,,,,,,,,
壧晳婈挰,1挌栚,blanket,栄晍,壜擱偛傒,Monday / Thursday,Dispose of as burnable waste.,壜擱偛傒偲偟偰弌偟偰偔偩偝偄丅,,,,,,,,,,,,,,,,,,,,
壧晳婈挰,1挌栚,pillow,枍,壜擱偛傒,Monday / Thursday,Dispose of as burnable waste.,壜擱偛傒偲偟偰弌偟偰偔偩偝偄丅,,,,,,,,,,,,,,,,,,,,
壧晳婈挰,1挌栚,backpack,儕儏僢僋僒僢僋,壜擱偛傒,Monday / Thursday,Dispose of as burnable waste.,壜擱偛傒偲偟偰弌偟偰偔偩偝偄丅,,,,,,,,,,,,,,,,,,,,
壧晳婈挰,1挌栚,earphones,僀儎儂儞,晄擱偛傒,Wednesday,Dispose of as non-burnable waste.,晄擱偛傒偲偟偰弌偟偰偔偩偝偄丅,,,,,,,,,,,,,,,,,,,,
壧晳婈挰,1挌栚,toaster,僩乕僗僞乕,晄擱偛傒,Wednesday,Dispose of as non-burnable waste.,晄擱偛傒偲偟偰弌偟偰偔偩偝偄丅,,,,,,,,,,,,,,,,,,,,
壧晳婈挰,1挌栚,smart phone,僗儅乕僩僼僅儞,壜擱偛傒,Monday / Thursday,Dispose of as burnable waste.,壜擱偛傒偲偟偰弌偟偰偔偩偝偄丅,,,,,,,,,,,,,,,,,,,,
壧晳婈挰,1挌栚,chager,廩揹婍,壜擱偛傒,Monday / Thursday,Dispose of as burnable waste.,壜擱偛傒偲偟偰弌偟偰偔偩偝偄丅,,,,,,,,,,,,,,,,,,,,
壧晳婈挰,1挌栚,fluorescent lamp,寀岝摂,桳奞偛傒,Collection point,Take to a designated collection point.,巜掕偺夞廂応強傊弌偟偰偔偩偝偄丅,,,,,,,,,,,,,,,,,,,,
壧晳婈挰,1挌栚,broken glass,妱傟偨僈儔僗,壜擱偛傒,Monday / Thursday,Dispose of as burnable waste.,壜擱偛傒偲偟偰弌偟偰偔偩偝偄丅,,,,,,,,,,,,,,,,,,,,
壧晳婈挰,1挌栚,remote control,儕儌僐儞,壜擱偛傒,Monday / Thursday,Dispose of as burnable waste.,壜擱偛傒偲偟偰弌偟偰偔偩偝偄丅,,,,,,,,,,,,,,,,,,,,
壧晳婈挰,1挌栚,microwave,旝惗暔,壜擱偛傒,Monday / Thursday,Dispose of as burnable waste.,壜擱偛傒偲偟偰弌偟偰偔偩偝偄丅,,,,,,,,,,,,,,,,,,,,
壧晳婈挰,1挌栚,shells,奓妅,壜擱偛傒,Monday / Thursday,Dispose of as burnable waste.,壜擱偛傒偲偟偰弌偟偰偔偩偝偄丅,,,,,,,,,,,,,,,,,,,,
壧晳婈挰,1挌栚,Gas cartridge,偑僗僇乕僩儕僢僕,桳奞偛傒,Collection point,Take to a designated collection point.,巜掕偺夞廂応強傊弌偟偰偔偩偝偄丅,,,,,,,,,,,,,,,,,,,,
壧晳婈挰,1挌栚,Keyboard,僉乕儃乕僪,晄擱偛傒,Wednesday,Dispose of as non-burnable waste.,晄擱偛傒偲偟偰弌偟偰偔偩偝偄丅,,,,,,,,,,,,,,,,,,,,
壧晳婈挰,1挌栚,Electric fan,愵晽婡,壜擱偛傒,Monday / Thursday,Dispose of as burnable waste.,壜擱偛傒偲偟偰弌偟偰偔偩偝偄丅,,,,,,,,,,,,,,,,,,,,
壧晳婈挰,2挌栚,Newspaper,怴暦,帒尮偛傒,Tuesday,Rinse if necessary and recycle.,昁梫偵墳偠偰愻偄丄帒尮偛傒偲偟偰弌偟偰偔偩偝偄丅,,,,,,,,,,,,,,,,,,,,
壧晳婈挰,2挌栚,recycled paper,屆巻,壜擱偛傒,Monday / Thursday,Dispose of as burnable waste.,壜擱偛傒偲偟偰弌偟偰偔偩偝偄丅,,,,,,,,,,,,,,,,,,,,
壧晳婈挰,2挌栚,magzines,嶨帍,壜擱偛傒,Monday / Thursday,Dispose of as burnable waste.,壜擱偛傒偲偟偰弌偟偰偔偩偝偄丅,,,,,,,,,,,,,,,,,,,,
壧晳婈挰,2挌栚,cardboard box,抜儃乕儖,帒尮偛傒,Tuesday,Rinse if necessary and recycle.,昁梫偵墳偠偰愻偄丄帒尮偛傒偲偟偰弌偟偰偔偩偝偄丅,,,,,,,,,,,,,,,,,,,,
壧晳婈挰,2挌栚,plastic trays,僾儔僗僠僢僋丂僩儗乕,壜擱偛傒,Monday / Thursday,Dispose of as burnable waste.,壜擱偛傒偲偟偰弌偟偰偔偩偝偄丅,,,,,,,,,,,,,,,,,,,,
壧晳婈挰,2挌栚,plastic cups,僾儔僗僠僢僋丂僐僢僾,壜擱偛傒,Monday / Thursday,Dispose of as burnable waste.,壜擱偛傒偲偟偰弌偟偰偔偩偝偄丅,,,,,,,,,,,,,,,,,,,,
壧晳婈挰,2挌栚,egg cartons,棏僷僢僋,壜擱偛傒,Monday / Thursday,Dispose of as burnable waste.,壜擱偛傒偲偟偰弌偟偰偔偩偝偄丅,,,,,,,,,,,,,,,,,,,,
壧晳婈挰,2挌栚,glass bottles,堸椏傃傫,帒尮偛傒,Tuesday,Rinse if necessary and recycle.,昁梫偵墳偠偰愻偄丄帒尮偛傒偲偟偰弌偟偰偔偩偝偄丅,,,,,,,,,,,,,,,,,,,,
壧晳婈挰,2挌栚,food seasoning bottles,挷枴椏傃傫,壜擱偛傒,Monday / Thursday,Dispose of as burnable waste.,壜擱偛傒偲偟偰弌偟偰偔偩偝偄丅,,,,,,,,,,,,,,,,,,,,
壧晳婈挰,2挌栚,cosmetic bottles,壔徬昳傃傫,壜擱偛傒,Monday / Thursday,Dispose of as burnable waste.,壜擱偛傒偲偟偰弌偟偰偔偩偝偄丅,,,,,,,,,,,,,,,,,,,,
壧晳婈挰,2挌栚,aluminum cans,傾儖儈娛,帒尮偛傒,Tuesday,Rinse if necessary and recycle.,昁梫偵墳偠偰愻偄丄帒尮偛傒偲偟偰弌偟偰偔偩偝偄丅,,,,,,,,,,,,,,,,,,,,
壧晳婈挰,2挌栚,steel cans,僗僠乕儖娛,帒尮偛傒,Tuesday,Rinse if necessary and recycle.,昁梫偵墳偠偰愻偄丄帒尮偛傒偲偟偰弌偟偰偔偩偝偄丅,,,,,,,,,,,,,,,,,,,,
壧晳婈挰,2挌栚,pet bottles,儁僢僩儃僩儖,帒尮偛傒,Tuesday,Rinse if necessary and recycle.,昁梫偵墳偠偰愻偄丄帒尮偛傒偲偟偰弌偟偰偔偩偝偄丅,,,,,,,,,,,,,,,,,,,,
壧晳婈挰,2挌栚,spray cans,僗僾儗乕娛,壜擱偛傒,Monday / Thursday,Dispose of as burnable waste.,壜擱偛傒偲偟偰弌偟偰偔偩偝偄丅,,,,,,,,,,,,,,,,,,,,
壧晳婈挰,2挌栚,gas cylinders,僇僙僢僩儃儞儀,壜擱偛傒,Monday / Thursday,Dispose of as burnable waste.,壜擱偛傒偲偟偰弌偟偰偔偩偝偄丅,,,,,,,,,,,,,,,,,,,,
壧晳婈挰,2挌栚,dry batteries,姡揹抮,壜擱偛傒,Monday / Thursday,Dispose of as burnable waste.,壜擱偛傒偲偟偰弌偟偰偔偩偝偄丅,,,,,,,,,,,,,,,,,,,,
壧晳婈挰,2挌栚,food waste,惗僑儈,壜擱偛傒,Monday / Thursday,Dispose of as burnable waste.,壜擱偛傒偲偟偰弌偟偰偔偩偝偄丅,,,,,,,,,,,,,,,,,,,,
壧晳婈挰,2挌栚,paper scraps,巻偔偢,壜擱偛傒,Monday / Thursday,Dispose of as burnable waste.,壜擱偛傒偲偟偰弌偟偰偔偩偝偄丅,,,,,,,,,,,,,,,,,,,,
壧晳婈挰,2挌栚,diapers,巻偍傓偮,壜擱偛傒,Monday / Thursday,Dispose of as burnable waste.,壜擱偛傒偲偟偰弌偟偰偔偩偝偄丅,,,,,,,,,,,,,,,,,,,,
壧晳婈挰,2挌栚,rubber products,僑儉惢昳,壜擱偛傒,Monday / Thursday,Dispose of as burnable waste.,壜擱偛傒偲偟偰弌偟偰偔偩偝偄丅,,,,,,,,,,,,,,,,,,,,
壧晳婈挰,2挌栚,leather products,妚惢昳,壜擱偛傒,Monday / Thursday,Dispose of as burnable waste.,壜擱偛傒偲偟偰弌偟偰偔偩偝偄丅,,,,,,,,,,,,,,,,,,,,
壧晳婈挰,2挌栚,clothes,堖椶,壜擱偛傒,Monday / Thursday,Dispose of as burnable waste.,壜擱偛傒偲偟偰弌偟偰偔偩偝偄丅,,,,,,,,,,,,,,,,,,,,
壧晳婈挰,2挌栚,shoes,孋,壜擱偛傒,Monday / Thursday,Dispose of as burnable waste.,壜擱偛傒偲偟偰弌偟偰偔偩偝偄丅,,,,,,,,,,,,,,,,,,,,
壧晳婈挰,2挌栚,small wooden items,栘偔偢,壜擱偛傒,Monday / Thursday,Dispose of as burnable waste.,壜擱偛傒偲偟偰弌偟偰偔偩偝偄丅,,,,,,,,,,,,,,,,,,,,
壧晳婈挰,2挌栚,frying pan,僼儔僀僷儞,晄擱偛傒,Wednesday,Dispose of as non-burnable waste.,晄擱偛傒偲偟偰弌偟偰偔偩偝偄丅,,,,,,,,,,,,,,,,,,,,
壧晳婈挰,2挌栚,pots,撶,晄擱偛傒,Wednesday,Dispose of as non-burnable waste.,晄擱偛傒偲偟偰弌偟偰偔偩偝偄丅,,,,,,,,,,,,,,,,,,,,
壧晳婈挰,2挌栚,kettles,傗偐傫,晄擱偛傒,Wednesday,Dispose of as non-burnable waste.,晄擱偛傒偲偟偰弌偟偰偔偩偝偄丅,,,,,,,,,,,,,,,,,,,,
壧晳婈挰,2挌栚,plates,嶮,壜擱偛傒,Monday / Thursday,Dispose of as burnable waste.,壜擱偛傒偲偟偰弌偟偰偔偩偝偄丅,,,,,,,,,,,,,,,,,,,,
壧晳婈挰,2挌栚,mirror,嬀,晄擱偛傒,Wednesday,Dispose of as non-burnable waste.,晄擱偛傒偲偟偰弌偟偰偔偩偝偄丅,,,,,,,,,,,,,,,,,,,,
壧晳婈挰,2挌栚,glass,僈儔僗僐僢僾,壜擱偛傒,Monday / Thursday,Dispose of as burnable waste.,壜擱偛傒偲偟偰弌偟偰偔偩偝偄丅,,,,,,,,,,,,,,,,,,,,
壧晳婈挰,2挌栚,beds,儀僢僪,慹戝偛傒,Reservation required,Apply for Shinjuku bulky waste collection.,怴廻嬫偺慹戝偛傒廂廤傪怽偟崬傫偱偔偩偝偄丅,,,,,,,,,,,,,,,,,,,,
壧晳婈挰,2挌栚,sofas,僜僼傽,慹戝偛傒,Reservation required,Apply for Shinjuku bulky waste collection.,怴廻嬫偺慹戝偛傒廂廤傪怽偟崬傫偱偔偩偝偄丅,,,,,,,,,,,,,,,,,,,,
壧晳婈挰,2挌栚,tables,僥乕僽儖,慹戝偛傒,Reservation required,Apply for Shinjuku bulky waste collection.,怴廻嬫偺慹戝偛傒廂廤傪怽偟崬傫偱偔偩偝偄丅,,,,,,,,,,,,,,,,,,,,
壧晳婈挰,2挌栚,chairs,堉巕,壜擱偛傒,Monday / Thursday,Dispose of as burnable waste.,壜擱偛傒偲偟偰弌偟偰偔偩偝偄丅,,,,,,,,,,,,,,,,,,,,
壧晳婈挰,2挌栚,bicycles,帺揮幵,慹戝偛傒,Reservation required,Apply for Shinjuku bulky waste collection.,怴廻嬫偺慹戝偛傒廂廤傪怽偟崬傫偱偔偩偝偄丅,,,,,,,,,,,,,,,,,,,,
壧晳婈挰,2挌栚,ice packs,曐椻嵻,壜擱偛傒,Monday / Thursday,Dispose of as burnable waste.,壜擱偛傒偲偟偰弌偟偰偔偩偝偄丅,,,,,,,,,,,,,,,,,,,,
壧晳婈挰,2挌栚,sanitary products,惗棟梡昳,壜擱偛傒,Monday / Thursday,Dispose of as burnable waste.,壜擱偛傒偲偟偰弌偟偰偔偩偝偄丅,,,,,,,,,,,,,,,,,,,,
壧晳婈挰,2挌栚,cigarette butts,偨偽偙偺媧偄妅,壜擱偛傒,Monday / Thursday,Dispose of as burnable waste.,壜擱偛傒偲偟偰弌偟偰偔偩偝偄丅,,,,,,,,,,,,,,,,,,,,
壧晳婈挰,2挌栚,stuffed toys,偸偄偖傞傒,壜擱偛傒,Monday / Thursday,Dispose of as burnable waste.,壜擱偛傒偲偟偰弌偟偰偔偩偝偄丅,,,,,,,,,,,,,,,,,,,,
壧晳婈挰,2挌栚,CD.DVD,CD丒DVD,壜擱偛傒,Monday / Thursday,Dispose of as burnable waste.,壜擱偛傒偲偟偰弌偟偰偔偩偝偄丅,,,,,,,,,,,,,,,,,,,,
壧晳婈挰,2挌栚,shoes,孋,壜擱偛傒,Monday / Thursday,Dispose of as burnable waste.,壜擱偛傒偲偟偰弌偟偰偔偩偝偄丅,,,,,,,,,,,,,,,,,,,,
壧晳婈挰,2挌栚,umbrella,嶱,晄擱偛傒,Wednesday,Dispose of as non-burnable waste.,晄擱偛傒偲偟偰弌偟偰偔偩偝偄丅,,,,,,,,,,,,,,,,,,,,
壧晳婈挰,2挌栚,lighters,儔僀僞乕,桳奞偛傒,Collection point,Take to a designated collection point.,巜掕偺夞廂応強傊弌偟偰偔偩偝偄丅,,,,,,,,,,,,,,,,,,,,
壧晳婈挰,2挌栚,styrofoam,敪朅僗僠儘乕儖,壜擱偛傒,Monday / Thursday,Dispose of as burnable waste.,壜擱偛傒偲偟偰弌偟偰偔偩偝偄丅,,,,,,,,,,,,,,,,,,,,
壧晳婈挰,2挌栚,coin,峝壿,壜擱偛傒,Monday / Thursday,Dispose of as burnable waste.,壜擱偛傒偲偟偰弌偟偰偔偩偝偄丅,,,,,,,,,,,,,,,,,,,,
壧晳婈挰,2挌栚,mattress,儅僢僩儗僗,慹戝偛傒,Reservation required,Apply for Shinjuku bulky waste collection.,怴廻嬫偺慹戝偛傒廂廤傪怽偟崬傫偱偔偩偝偄丅,,,,,,,,,,,,,,,,,,,,
壧晳婈挰,2挌栚,extension cord,墑挿僐乕僪,晄擱偛傒,Wednesday,Dispose of as non-burnable waste.,晄擱偛傒偲偟偰弌偟偰偔偩偝偄丅,,,,,,,,,,,,,,,,,,,,
壧晳婈挰,2挌栚,hair dryer,僪儔僀儎乕,晄擱偛傒,Wednesday,Dispose of as non-burnable waste.,晄擱偛傒偲偟偰弌偟偰偔偩偝偄丅,,,,,,,,,,,,,,,,,,,,
壧晳婈挰,2挌栚,printer ink,僾儕儞僞乕僀儞僋,晄擱偛傒,Wednesday,Dispose of as non-burnable waste.,晄擱偛傒偲偟偰弌偟偰偔偩偝偄丅,,,,,,,,,,,,,,,,,,,,
壧晳婈挰,2挌栚,hair iron,傊傾傾僀儘儞,晄擱偛傒,Wednesday,Dispose of as non-burnable waste.,晄擱偛傒偲偟偰弌偟偰偔偩偝偄丅,,,,,,,,,,,,,,,,,,,,
壧晳婈挰,2挌栚,plant pot,怉栘敨,晄擱偛傒,Wednesday,Dispose of as non-burnable waste.,晄擱偛傒偲偟偰弌偟偰偔偩偝偄丅,,,,,,,,,,,,,,,,,,,,
壧晳婈挰,2挌栚,metal spoon,嬥懏僗僾乕儞,晄擱偛傒,Wednesday,Dispose of as non-burnable waste.,晄擱偛傒偲偟偰弌偟偰偔偩偝偄丅,,,,,,,,,,,,,,,,,,,,
壧晳婈挰,2挌栚,notebook,僲乕僩,壜擱偛傒,Monday / Thursday,Dispose of as burnable waste.,壜擱偛傒偲偟偰弌偟偰偔偩偝偄丅,,,,,,,,,,,,,,,,,,,,
壧晳婈挰,2挌栚,towel,僞僆儖,壜擱偛傒,Monday / Thursday,Dispose of as burnable waste.,壜擱偛傒偲偟偰弌偟偰偔偩偝偄丅,,,,,,,,,,,,,,,,,,,,
壧晳婈挰,2挌栚,tooth brush,帟僽儔僔,壜擱偛傒,Monday / Thursday,Dispose of as burnable waste.,壜擱偛傒偲偟偰弌偟偰偔偩偝偄丅,,,,,,,,,,,,,,,,,,,,
壧晳婈挰,2挌栚,blanket,栄晍,壜擱偛傒,Monday / Thursday,Dispose of as burnable waste.,壜擱偛傒偲偟偰弌偟偰偔偩偝偄丅,,,,,,,,,,,,,,,,,,,,
壧晳婈挰,2挌栚,pillow,枍,壜擱偛傒,Monday / Thursday,Dispose of as burnable waste.,壜擱偛傒偲偟偰弌偟偰偔偩偝偄丅,,,,,,,,,,,,,,,,,,,,
壧晳婈挰,2挌栚,backpack,儕儏僢僋僒僢僋,壜擱偛傒,Monday / Thursday,Dispose of as burnable waste.,壜擱偛傒偲偟偰弌偟偰偔偩偝偄丅,,,,,,,,,,,,,,,,,,,,
壧晳婈挰,2挌栚,earphones,僀儎儂儞,晄擱偛傒,Wednesday,Dispose of as non-burnable waste.,晄擱偛傒偲偟偰弌偟偰偔偩偝偄丅,,,,,,,,,,,,,,,,,,,,
壧晳婈挰,2挌栚,toaster,僩乕僗僞乕,晄擱偛傒,Wednesday,Dispose of as non-burnable waste.,晄擱偛傒偲偟偰弌偟偰偔偩偝偄丅,,,,,,,,,,,,,,,,,,,,
壧晳婈挰,2挌栚,smart phone,僗儅乕僩僼僅儞,壜擱偛傒,Monday / Thursday,Dispose of as burnable waste.,壜擱偛傒偲偟偰弌偟偰偔偩偝偄丅,,,,,,,,,,,,,,,,,,,,
壧晳婈挰,2挌栚,chager,廩揹婍,壜擱偛傒,Monday / Thursday,Dispose of as burnable waste.,壜擱偛傒偲偟偰弌偟偰偔偩偝偄丅,,,,,,,,,,,,,,,,,,,,
壧晳婈挰,2挌栚,fluorescent lamp,寀岝摂,桳奞偛傒,Collection point,Take to a designated collection point.,巜掕偺夞廂応強傊弌偟偰偔偩偝偄丅,,,,,,,,,,,,,,,,,,,,
壧晳婈挰,2挌栚,broken glass,妱傟偨僈儔僗,壜擱偛傒,Monday / Thursday,Dispose of as burnable waste.,壜擱偛傒偲偟偰弌偟偰偔偩偝偄丅,,,,,,,,,,,,,,,,,,,,
壧晳婈挰,2挌栚,remote control,儕儌僐儞,壜擱偛傒,Monday / Thursday,Dispose of as burnable waste.,壜擱偛傒偲偟偰弌偟偰偔偩偝偄丅,,,,,,,,,,,,,,,,,,,,
壧晳婈挰,2挌栚,microwave,旝惗暔,壜擱偛傒,Monday / Thursday,Dispose of as burnable waste.,壜擱偛傒偲偟偰弌偟偰偔偩偝偄丅,,,,,,,,,,,,,,,,,,,,
壧晳婈挰,2挌栚,shells,奓妅,壜擱偛傒,Monday / Thursday,Dispose of as burnable waste.,壜擱偛傒偲偟偰弌偟偰偔偩偝偄丅,,,,,,,,,,,,,,,,,,,,
壧晳婈挰,2挌栚,Gas cartridge,偑僗僇乕僩儕僢僕,桳奞偛傒,Collection point,Take to a designated collection point.,巜掕偺夞廂応強傊弌偟偰偔偩偝偄丅,,,,,,,,,,,,,,,,,,,,
壧晳婈挰,2挌栚,Keyboard,僉乕儃乕僪,晄擱偛傒,Wednesday,Dispose of as non-burnable waste.,晄擱偛傒偲偟偰弌偟偰偔偩偝偄丅,,,,,,,,,,,,,,,,,,,,
壧晳婈挰,2挌栚,Electric fan,愵晽婡,壜擱偛傒,Monday / Thursday,Dispose of as burnable waste.,壜擱偛傒偲偟偰弌偟偰偔偩偝偄丅,,,,,,,,,,,,,,,,,,,,
,,,,,,,,,,,,,,,,,,,,,,,,,,,
,,,,,,,,,,,,,,,,,,,,,,,,,,,
,,,,,,,,,,,,,,,,,,,,,,,,,,,
,,,,,,,,,,,,,,,,,,,,,,,,,,,
,,,,,,,,,,,,,,,,,,,,,,,,,,,
,,,,,,,,,,,,,,,,,,,,,,,,,,,
,,,,,,,,,,,,,,,,,,,,,,,,,,,
,,,,,,,,,,,,,,,,,,,,,,,,,,,
,,,,,,,,,,,,,,,,,,,,,,,,,,,
,,,,,,,,,,,,,,,,,,,,,,,,,,,
,,,,,,,,,,,,,,,,,,,,,,,,,,,
,,,,,,,,,,,,,,,,,,,,,,,,,,,
,,,,,,,,,,,,,,,,,,,,,,,,,,,
,,,,,,,,,,,,,,,,,,,,,,,,,,,
,,,,,,,,,,,,,,,,,,,,,,,,,,,
,,,,,,,,,,,,,,,,,,,,,,,,,,,
,,,,,,,,,,,,,,,,,,,,,,,,,,,
,,,,,,,,,,,,,,,,,,,,,,,,,,,
,,,,,,,,,,,,,,,,,,,,,,,,,,,
,,,,,,,,,,,,,,,,,,,,,,,,,,,
,,,,,,,,,,,,,,,,,,,,,,,,,,,
,,,,,,,,,,,,,,,,,,,,,,,,,,,
,,,,,,,,,,,,,,,,,,,,,,,,,,,
,,,,,,,,,,,,,,,,,,,,,,,,,,,
,,,,,,,,,,,,,,,,,,,,,,,,,,,
,,,,,,,,,,,,,,,,,,,,,,,,,,,
,,,,,,,,,,,,,,,,,,,,,,,,,,,
,,,,,,,,,,,,,,,,,,,,,,,,,,,
,,,,,,,,,,,,,,,,,,,,,,,,,,,
,,,,,,,,,,,,,,,,,,,,,,,,,,,
,,,,,,,,,,,,,,,,,,,,,,,,,,,
,,,,,,,,,,,,,,,,,,,,,,,,,,,
,,,,,,,,,,,,,,,,,,,,,,,,,,,
,,,,,,,,,,,,,,,,,,,,,,,,,,,
,,,,,,,,,,,,,,,,,,,,,,,,,,,
,,,,,,,,,,,,,,,,,,,,,,,,,,,
,,,,,,,,,,,,,,,,,,,,,,,,,,,
,,,,,,,,,,,,,,,,,,,,,,,,,,,
,,,,,,,,,,,,,,,,,,,,,,,,,,,
,,,,,,,,,,,,,,,,,,,,,,,,,,,
,,,,,,,,,,,,,,,,,,,,,,,,,,,
,,,,,,,,,,,,,,,,,,,,,,,,,,,
,,,,,,,,,,,,,,,,,,,,,,,,,,,
,,,,,,,,,,,,,,,,,,,,,,,,,,,
,,,,,,,,,,,,,,,,,,,,,,,,,,,
,,,,,,,,,,,,,,,,,,,,,,,,,,,
,,,,,,,,,,,,,,,,,,,,,,,,,,,
,,,,,,,,,,,,,,,,,,,,,,,,,,,
,,,,,,,,,,,,,,,,,,,,,,,,,,,
,,,,,,,,,,,,,,,,,,,,,,,,,,,
,,,,,,,,,,,,,,,,,,,,,,,,,,,
,,,,,,,,,,,,,,,,,,,,,,,,,,,
,,,,,,,,,,,,,,,,,,,,,,,,,,,
,,,,,,,,,,,,,,,,,,,,,,,,,,,
,,,,,,,,,,,,,,,,,,,,,,,,,,,
,,,,,,,,,,,,,,,,,,,,,,,,,,,
,,,,,,,,,,,,,,,,,,,,,,,,,,,
,,,,,,,,,,,,,,,,,,,,,,,,,,,
,,,,,,,,,,,,,,,,,,,,,,,,,,,
,,,,,,,,,,,,,,,,,,,,,,,,,,,
,,,,,,,,,,,,,,,,,,,,,,,,,,,
,,,,,,,,,,,,,,,,,,,,,,,,,,,
,,,,,,,,,,,,,,,,,,,,,,,,,,,
,,,,,,,,,,,,,,,,,,,,,,,,,,,
,,,,,,,,,,,,,,,,,,,,,,,,,,,
,,,,,,,,,,,,,,,,,,,,,,,,,,,
,,,,,,,,,,,,,,,,,,,,,,,,,,,
,,,,,,,,,,,,,,,,,,,,,,,,,,,
,,,,,,,,,,,,,,,,,,,,,,,,,,,
,,,,,,,,,,,,,,,,,,,,,,,,,,,
,,,,,,,,,,,,,,,,,,,,,,,,,,,
,,,,,,,,,,,,,,,,,,,,,,,,,,,
,,,,,,,,,,,,,,,,,,,,,,,,,,,
,,,,,,,,,,,,,,,,,,,,,,,,,,,
,,,,,,,,,,,,,,,,,,,,,,,,,,,
,,,,,,,,,,,,,,,,,,,,,,,,,,,
,,,,,,,,,,,,,,,,,,,,,,,,,,,
,,,,,,,,,,,,,,,,,,,,,,,,,,,
,,,,,,,,,,,,,,,,,,,,,,,,,,,
,,,,,,,,,,,,,,,,,,,,,,,,,,,
,,,,,,,,,,,,,,,,,,,,,,,,,,,
,,,,,,,,,,,,,,,,,,,,,,,,,,,
,,,,,,,,,,,,,,,,,,,,,,,,,,,
,,,,,,,,,,,,,,,,,,,,,,,,,,,
,,,,,,,,,,,,,,,,,,,,,,,,,,,
,,,,,,,,,,,,,,,,,,,,,,,,,,,
,,,,,,,,,,,,,,,,,,,,,,,,,,,
,,,,,,,,,,,,,,,,,,,,,,,,,,,
,,,,,,,,,,,,,,,,,,,,,,,,,,,
,,,,,,,,,,,,,,,,,,,,,,,,,,,
,,,,,,,,,,,,,,,,,,,,,,,,,,,
,,,,,,,,,,,,,,,,,,,,,,,,,,,
,,,,,,,,,,,,,,,,,,,,,,,,,,,
,,,,,,,,,,,,,,,,,,,,,,,,,,,
,,,,,,,,,,,,,,,,,,,,,,,,,,,
,,,,,,,,,,,,,,,,,,,,,,,,,,,
,,,,,,,,,,,,,,,,,,,,,,,,,,,
,,,,,,,,,,,,,,,,,,,,,,,,,,,
,,,,,,,,,,,,,,,,,,,,,,,,,,,
,,,,,,,,,,,,,,,,,,,,,,,,,,,
,,,,,,,,,,,,,,,,,,,,,,,,,,,
,,,,,,,,,,,,,,,,,,,,,,,,,,,
,,,,,,,,,,,,,,,,,,,,,,,,,,,
,,,,,,,,,,,,,,,,,,,,,,,,,,,
,,,,,,,,,,,,,,,,,,,,,,,,,,,
,,,,,,,,,,,,,,,,,,,,,,,,,,,
,,,,,,,,,,,,,,,,,,,,,,,,,,,
,,,,,,,,,,,,,,,,,,,,,,,,,,,
,,,,,,,,,,,,,,,,,,,,,,,,,,,
,,,,,,,,,,,,,,,,,,,,,,,,,,,
,,,,,,,,,,,,,,,,,,,,,,,,,,,
,,,,,,,,,,,,,,,,,,,,,,,,,,,
,,,,,,,,,,,,,,,,,,,,,,,,,,,
,,,,,,,,,,,,,,,,,,,,,,,,,,,
,,,,,,,,,,,,,,,,,,,,,,,,,,,
,,,,,,,,,,,,,,,,,,,,,,,,,,,
,,,,,,,,,,,,,,,,,,,,,,,,,,,
,,,,,,,,,,,,,,,,,,,,,,,,,,,
,,,,,,,,,,,,,,,,,,,,,,,,,,,
,,,,,,,,,,,,,,,,,,,,,,,,,,,
,,,,,,,,,,,,,,,,,,,,,,,,,,,
,,,,,,,,,,,,,,,,,,,,,,,,,,,
,,,,,,,,,,,,,,,,,,,,,,,,,,,
,,,,,,,,,,,,,,,,,,,,,,,,,,,
,,,,,,,,,,,,,,,,,,,,,,,,,,,
,,,,,,,,,,,,,,,,,,,,,,,,,,,
,,,,,,,,,,,,,,,,,,,,,,,,,,,
,,,,,,,,,,,,,,,,,,,,,,,,,,,
,,,,,,,,,,,,,,,,,,,,,,,,,,,
,,,,,,,,,,,,,,,,,,,,,,,,,,,
,,,,,,,,,,,,,,,,,,,,,,,,,,,
,,,,,,,,,,,,,,,,,,,,,,,,,,,
,,,,,,,,,,,,,,,,,,,,,,,,,,,
,,,,,,,,,,,,,,,,,,,,,,,,,,,
,,,,,,,,,,,,,,,,,,,,,,,,,,,
,,,,,,,,,,,,,,,,,,,,,,,,,,,
,,,,,,,,,,,,,,,,,,,,,,,,,,,
,,,,,,,,,,,,,,,,,,,,,,,,,,,
,,,,,,,,,,,,,,,,,,,,,,,,,,,
,,,,,,,,,,,,,,,,,,,,,,,,,,,
,,,,,,,,,,,,,,,,,,,,,,,,,,,
,,,,,,,,,,,,,,,,,,,,,,,,,,,
,,,,,,,,,,,,,,,,,,,,,,,,,,,
,,,,,,,,,,,,,,,,,,,,,,,,,,,
,,,,,,,,,,,,,,,,,,,,,,,,,,,
,,,,,,,,,,,,,,,,,,,,,,,,,,,
,,,,,,,,,,,,,,,,,,,,,,,,,,,
,,,,,,,,,,,,,,,,,,,,,,,,,,,
,,,,,,,,,,,,,,,,,,,,,,,,,,,
,,,,,,,,,,,,,,,,,,,,,,,,,,,
,,,,,,,,,,,,,,,,,,,,,,,,,,,
,,,,,,,,,,,,,,,,,,,,,,,,,,,
,,,,,,,,,,,,,,,,,,,,,,,,,,,
,,,,,,,,,,,,,,,,,,,,,,,,,,,
,,,,,,,,,,,,,,,,,,,,,,,,,,,
,,,,,,,,,,,,,,,,,,,,,,,,,,,
,,,,,,,,,,,,,,,,,,,,,,,,,,,
,,,,,,,,,,,,,,,,,,,,,,,,,,,
,,,,,,,,,,,,,,,,,,,,,,,,,,,
,,,,,,,,,,,,,,,,,,,,,,,,,,,
,,,,,,,,,,,,,,,,,,,,,,,,,,,
,,,,,,,,,,,,,,,,,,,,,,,,,,,
,,,,,,,,,,,,,,,,,,,,,,,,,,,
,,,,,,,,,,,,,,,,,,,,,,,,,,,
,,,,,,,,,,,,,,,,,,,,,,,,,,,
,,,,,,,,,,,,,,,,,,,,,,,,,,,
,,,,,,,,,,,,,,,,,,,,,,,,,,,
,,,,,,,,,,,,,,,,,,,,,,,,,,,
,,,,,,,,,,,,,,,,,,,,,,,,,,,
,,,,,,,,,,,,,,,,,,,,,,,,,,,
,,,,,,,,,,,,,,,,,,,,,,,,,,,
,,,,,,,,,,,,,,,,,,,,,,,,,,,
,,,,,,,,,,,,,,,,,,,,,,,,,,,
,,,,,,,,,,,,,,,,,,,,,,,,,,,
,,,,,,,,,,,,,,,,,,,,,,,,,,,
,,,,,,,,,,,,,,,,,,,,,,,,,,,
,,,,,,,,,,,,,,,,,,,,,,,,,,,
,,,,,,,,,,,,,,,,,,,,,,,,,,,
,,,,,,,,,,,,,,,,,,,,,,,,,,,
,,,,,,,,,,,,,,,,,,,,,,,,,,,
,,,,,,,,,,,,,,,,,,,,,,,,,,,
,,,,,,,,,,,,,,,,,,,,,,,,,,,
,,,,,,,,,,,,,,,,,,,,,,,,,,,
,,,,,,,,,,,,,,,,,,,,,,,,,,,
,,,,,,,,,,,,,,,,,,,,,,,,,,,
,,,,,,,,,,,,,,,,,,,,,,,,,,,
,,,,,,,,,,,,,,,,,,,,,,,,,,,
,,,,,,,,,,,,,,,,,,,,,,,,,,,
,,,,,,,,,,,,,,,,,,,,,,,,,,,
,,,,,,,,,,,,,,,,,,,,,,,,,,,
,,,,,,,,,,,,,,,,,,,,,,,,,,,
,,,,,,,,,,,,,,,,,,,,,,,,,,,
,,,,,,,,,,,,,,,,,,,,,,,,,,,
,,,,,,,,,,,,,,,,,,,,,,,,,,,
,,,,,,,,,,,,,,,,,,,,,,,,,,,
,,,,,,,,,,,,,,,,,,,,,,,,,,,
,,,,,,,,,,,,,,,,,,,,,,,,,,,
,,,,,,,,,,,,,,,,,,,,,,,,,,,
,,,,,,,,,,,,,,,,,,,,,,,,,,,
,,,,,,,,,,,,,,,,,,,,,,,,,,,
,,,,,,,,,,,,,,,,,,,,,,,,,,,
,,,,,,,,,,,,,,,,,,,,,,,,,,,
,,,,,,,,,,,,,,,,,,,,,,,,,,,
,,,,,,,,,,,,,,,,,,,,,,,,,,,
,,,,,,,,,,,,,,,,,,,,,,,,,,,
,,,,,,,,,,,,,,,,,,,,,,,,,,,
,,,,,,,,,,,,,,,,,,,,,,,,,,,
,,,,,,,,,,,,,,,,,,,,,,,,,,,
,,,,,,,,,,,,,,,,,,,,,,,,,,,
,,,,,,,,,,,,,,,,,,,,,,,,,,,
,,,,,,,,,,,,,,,,,,,,,,,,,,,
,,,,,,,,,,,,,,,,,,,,,,,,,,,
,,,,,,,,,,,,,,,,,,,,,,,,,,,
,,,,,,,,,,,,,,,,,,,,,,,,,,,
,,,,,,,,,,,,,,,,,,,,,,,,,,,
,,,,,,,,,,,,,,,,,,,,,,,,,,,
,,,,,,,,,,,,,,,,,,,,,,,,,,,
,,,,,,,,,,,,,,,,,,,,,,,,,,,
,,,,,,,,,,,,,,,,,,,,,,,,,,,
,,,,,,,,,,,,,,,,,,,,,,,,,,,
,,,,,,,,,,,,,,,,,,,,,,,,,,,
,,,,,,,,,,,,,,,,,,,,,,,,,,,
,,,,,,,,,,,,,,,,,,,,,,,,,,,
,,,,,,,,,,,,,,,,,,,,,,,,,,,
,,,,,,,,,,,,,,,,,,,,,,,,,,,
,,,,,,,,,,,,,,,,,,,,,,,,,,,
,,,,,,,,,,,,,,,,,,,,,,,,,,,
,,,,,,,,,,,,,,,,,,,,,,,,,,,
,,,,,,,,,,,,,,,,,,,,,,,,,,,
,,,,,,,,,,,,,,,,,,,,,,,,,,,
,,,,,,,,,,,,,,,,,,,,,,,,,,,
,,,,,,,,,,,,,,,,,,,,,,,,,,,
,,,,,,,,,,,,,,,,,,,,,,,,,,,
,,,,,,,,,,,,,,,,,,,,,,,,,,,
,,,,,,,,,,,,,,,,,,,,,,,,,,,
,,,,,,,,,,,,,,,,,,,,,,,,,,,
,,,,,,,,,,,,,,,,,,,,,,,,,,,
,,,,,,,,,,,,,,,,,,,,,,,,,,,
,,,,,,,,,,,,,,,,,,,,,,,,,,,
,,,,,,,,,,,,,,,,,,,,,,,,,,,
,,,,,,,,,,,,,,,,,,,,,,,,,,,
,,,,,,,,,,,,,,,,,,,,,,,,,,,
,,,,,,,,,,,,,,,,,,,,,,,,,,,
,,,,,,,,,,,,,,,,,,,,,,,,,,,
,,,,,,,,,,,,,,,,,,,,,,,,,,,
,,,,,,,,,,,,,,,,,,,,,,,,,,,
,,,,,,,,,,,,,,,,,,,,,,,,,,,
,,,,,,,,,,,,,,,,,,,,,,,,,,,
,,,,,,,,,,,,,,,,,,,,,,,,,,,
,,,,,,,,,,,,,,,,,,,,,,,,,,,
,,,,,,,,,,,,,,,,,,,,,,,,,,,
,,,,,,,,,,,,,,,,,,,,,,,,,,,
,,,,,,,,,,,,,,,,,,,,,,,,,,,
,,,,,,,,,,,,,,,,,,,,,,,,,,,
,,,,,,,,,,,,,,,,,,,,,,,,,,,
,,,,,,,,,,,,,,,,,,,,,,,,,,,
,,,,,,,,,,,,,,,,,,,,,,,,,,,
,,,,,,,,,,,,,,,,,,,,,,,,,,,
,,,,,,,,,,,,,,,,,,,,,,,,,,,
,,,,,,,,,,,,,,,,,,,,,,,,,,,
,,,,,,,,,,,,,,,,,,,,,,,,,,,
,,,,,,,,,,,,,,,,,,,,,,,,,,,
,,,,,,,,,,,,,,,,,,,,,,,,,,,
,,,,,,,,,,,,,,,,,,,,,,,,,,,
,,,,,,,,,,,,,,,,,,,,,,,,,,,
,,,,,,,,,,,,,,,,,,,,,,,,,,,
,,,,,,,,,,,,,,,,,,,,,,,,,,,
,,,,,,,,,,,,,,,,,,,,,,,,,,,
,,,,,,,,,,,,,,,,,,,,,,,,,,,
,,,,,,,,,,,,,,,,,,,,,,,,,,,
,,,,,,,,,,,,,,,,,,,,,,,,,,,
,,,,,,,,,,,,,,,,,,,,,,,,,,,
,,,,,,,,,,,,,,,,,,,,,,,,,,,
,,,,,,,,,,,,,,,,,,,,,,,,,,,
,,,,,,,,,,,,,,,,,,,,,,,,,,,
,,,,,,,,,,,,,,,,,,,,,,,,,,,
,,,,,,,,,,,,,,,,,,,,,,,,,,,
,,,,,,,,,,,,,,,,,,,,,,,,,,,
,,,,,,,,,,,,,,,,,,,,,,,,,,,
,,,,,,,,,,,,,,,,,,,,,,,,,,,
,,,,,,,,,,,,,,,,,,,,,,,,,,,
,,,,,,,,,,,,,,,,,,,,,,,,,,,
,,,,,,,,,,,,,,,,,,,,,,,,,,,
,,,,,,,,,,,,,,,,,,,,,,,,,,,
,,,,,,,,,,,,,,,,,,,,,,,,,,,
,,,,,,,,,,,,,,,,,,,,,,,,,,,
,,,,,,,,,,,,,,,,,,,,,,,,,,,
,,,,,,,,,,,,,,,,,,,,,,,,,,,
,,,,,,,,,,,,,,,,,,,,,,,,,,,
,,,,,,,,,,,,,,,,,,,,,,,,,,,
,,,,,,,,,,,,,,,,,,,,,,,,,,,
,,,,,,,,,,,,,,,,,,,,,,,,,,,
,,,,,,,,,,,,,,,,,,,,,,,,,,,
,,,,,,,,,,,,,,,,,,,,,,,,,,,
,,,,,,,,,,,,,,,,,,,,,,,,,,,
,,,,,,,,,,,,,,,,,,,,,,,,,,,
,,,,,,,,,,,,,,,,,,,,,,,,,,,
,,,,,,,,,,,,,,,,,,,,,,,,,,,
,,,,,,,,,,,,,,,,,,,,,,,,,,,
,,,,,,,,,,,,,,,,,,,,,,,,,,,
,,,,,,,,,,,,,,,,,,,,,,,,,,,
,,,,,,,,,,,,,,,,,,,,,,,,,,,
,,,,,,,,,,,,,,,,,,,,,,,,,,,
,,,,,,,,,,,,,,,,,,,,,,,,,,,
,,,,,,,,,,,,,,,,,,,,,,,,,,,
,,,,,,,,,,,,,,,,,,,,,,,,,,,
,,,,,,,,,,,,,,,,,,,,,,,,,,,
,,,,,,,,,,,,,,,,,,,,,,,,,,,
,,,,,,,,,,,,,,,,,,,,,,,,,,,
,,,,,,,,,,,,,,,,,,,,,,,,,,,
,,,,,,,,,,,,,,,,,,,,,,,,,,,
,,,,,,,,,,,,,,,,,,,,,,,,,,,
,,,,,,,,,,,,,,,,,,,,,,,,,,,
,,,,,,,,,,,,,,,,,,,,,,,,,,,
,,,,,,,,,,,,,,,,,,,,,,,,,,,
,,,,,,,,,,,,,,,,,,,,,,,,,,,
,,,,,,,,,,,,,,,,,,,,,,,,,,,
,,,,,,,,,,,,,,,,,,,,,,,,,,,
,,,,,,,,,,,,,,,,,,,,,,,,,,,
,,,,,,,,,,,,,,,,,,,,,,,,,,,
,,,,,,,,,,,,,,,,,,,,,,,,,,,
,,,,,,,,,,,,,,,,,,,,,,,,,,,
,,,,,,,,,,,,,,,,,,,,,,,,,,,
,,,,,,,,,,,,,,,,,,,,,,,,,,,
,,,,,,,,,,,,,,,,,,,,,,,,,,,
,,,,,,,,,,,,,,,,,,,,,,,,,,,
,,,,,,,,,,,,,,,,,,,,,,,,,,,
,,,,,,,,,,,,,,,,,,,,,,,,,,,
,,,,,,,,,,,,,,,,,,,,,,,,,,,
,,,,,,,,,,,,,,,,,,,,,,,,,,,
,,,,,,,,,,,,,,,,,,,,,,,,,,,
,,,,,,,,,,,,,,,,,,,,,,,,,,,
,,,,,,,,,,,,,,,,,,,,,,,,,,,
,,,,,,,,,,,,,,,,,,,,,,,,,,,
,,,,,,,,,,,,,,,,,,,,,,,,,,,
,,,,,,,,,,,,,,,,,,,,,,,,,,,
,,,,,,,,,,,,,,,,,,,,,,,,,,,
,,,,,,,,,,,,,,,,,,,,,,,,,,,
,,,,,,,,,,,,,,,,,,,,,,,,,,,
,,,,,,,,,,,,,,,,,,,,,,,,,,,
,,,,,,,,,,,,,,,,,,,,,,,,,,,
,,,,,,,,,,,,,,,,,,,,,,,,,,,
,,,,,,,,,,,,,,,,,,,,,,,,,,,
,,,,,,,,,,,,,,,,,,,,,,,,,,,
,,,,,,,,,,,,,,,,,,,,,,,,,,,
,,,,,,,,,,,,,,,,,,,,,,,,,,,
,,,,,,,,,,,,,,,,,,,,,,,,,,,
,,,,,,,,,,,,,,,,,,,,,,,,,,,
,,,,,,,,,,,,,,,,,,,,,,,,,,,
,,,,,,,,,,,,,,,,,,,,,,,,,,,
,,,,,,,,,,,,,,,,,,,,,,,,,,,
,,,,,,,,,,,,,,,,,,,,,,,,,,,
,,,,,,,,,,,,,,,,,,,,,,,,,,,
,,,,,,,,,,,,,,,,,,,,,,,,,,,
,,,,,,,,,,,,,,,,,,,,,,,,,,,
,,,,,,,,,,,,,,,,,,,,,,,,,,,
,,,,,,,,,,,,,,,,,,,,,,,,,,,
,,,,,,,,,,,,,,,,,,,,,,,,,,,
,,,,,,,,,,,,,,,,,,,,,,,,,,,
,,,,,,,,,,,,,,,,,,,,,,,,,,,
,,,,,,,,,,,,,,,,,,,,,,,,,,,
,,,,,,,,,,,,,,,,,,,,,,,,,,,
,,,,,,,,,,,,,,,,,,,,,,,,,,,
,,,,,,,,,,,,,,,,,,,,,,,,,,,
,,,,,,,,,,,,,,,,,,,,,,,,,,,
,,,,,,,,,,,,,,,,,,,,,,,,,,,
,,,,,,,,,,,,,,,,,,,,,,,,,,,
,,,,,,,,,,,,,,,,,,,,,,,,,,,
,,,,,,,,,,,,,,,,,,,,,,,,,,,
,,,,,,,,,,,,,,,,,,,,,,,,,,,
,,,,,,,,,,,,,,,,,,,,,,,,,,,
,,,,,,,,,,,,,,,,,,,,,,,,,,,
,,,,,,,,,,,,,,,,,,,,,,,,,,,
,,,,,,,,,,,,,,,,,,,,,,,,,,,
,,,,,,,,,,,,,,,,,,,,,,,,,,,
,,,,,,,,,,,,,,,,,,,,,,,,,,,
,,,,,,,,,,,,,,,,,,,,,,,,,,,
,,,,,,,,,,,,,,,,,,,,,,,,,,,
,,,,,,,,,,,,,,,,,,,,,,,,,,,
,,,,,,,,,,,,,,,,,,,,,,,,,,,
,,,,,,,,,,,,,,,,,,,,,,,,,,,
,,,,,,,,,,,,,,,,,,,,,,,,,,,
,,,,,,,,,,,,,,,,,,,,,,,,,,,
,,,,,,,,,,,,,,,,,,,,,,,,,,,
,,,,,,,,,,,,,,,,,,,,,,,,,,,
,,,,,,,,,,,,,,,,,,,,,,,,,,,
,,,,,,,,,,,,,,,,,,,,,,,,,,,
,,,,,,,,,,,,,,,,,,,,,,,,,,,
,,,,,,,,,,,,,,,,,,,,,,,,,,,
,,,,,,,,,,,,,,,,,,,,,,,,,,,
,,,,,,,,,,,,,,,,,,,,,,,,,,,
,,,,,,,,,,,,,,,,,,,,,,,,,,,
,,,,,,,,,,,,,,,,,,,,,,,,,,,
,,,,,,,,,,,,,,,,,,,,,,,,,,,
,,,,,,,,,,,,,,,,,,,,,,,,,,,
,,,,,,,,,,,,,,,,,,,,,,,,,,,
,,,,,,,,,,,,,,,,,,,,,,,,,,,
,,,,,,,,,,,,,,,,,,,,,,,,,,,
,,,,,,,,,,,,,,,,,,,,,,,,,,,
,,,,,,,,,,,,,,,,,,,,,,,,,,,
,,,,,,,,,,,,,,,,,,,,,,,,,,,
,,,,,,,,,,,,,,,,,,,,,,,,,,,
,,,,,,,,,,,,,,,,,,,,,,,,,,,
,,,,,,,,,,,,,,,,,,,,,,,,,,,
,,,,,,,,,,,,,,,,,,,,,,,,,,,
,,,,,,,,,,,,,,,,,,,,,,,,,,,
,,,,,,,,,,,,,,,,,,,,,,,,,,,
,,,,,,,,,,,,,,,,,,,,,,,,,,,
,,,,,,,,,,,,,,,,,,,,,,,,,,,
,,,,,,,,,,,,,,,,,,,,,,,,,,,
,,,,,,,,,,,,,,,,,,,,,,,,,,,
,,,,,,,,,,,,,,,,,,,,,,,,,,,
,,,,,,,,,,,,,,,,,,,,,,,,,,,
,,,,,,,,,,,,,,,,,,,,,,,,,,,
,,,,,,,,,,,,,,,,,,,,,,,,,,,
,,,,,,,,,,,,,,,,,,,,,,,,,,,
,,,,,,,,,,,,,,,,,,,,,,,,,,,
,,,,,,,,,,,,,,,,,,,,,,,,,,,
,,,,,,,,,,,,,,,,,,,,,,,,,,,
,,,,,,,,,,,,,,,,,,,,,,,,,,,
,,,,,,,,,,,,,,,,,,,,,,,,,,,
,,,,,,,,,,,,,,,,,,,,,,,,,,,
,,,,,,,,,,,,,,,,,,,,,,,,,,,
,,,,,,,,,,,,,,,,,,,,,,,,,,,
,,,,,,,,,,,,,,,,,,,,,,,,,,,
,,,,,,,,,,,,,,,,,,,,,,,,,,,
,,,,,,,,,,,,,,,,,,,,,,,,,,,
,,,,,,,,,,,,,,,,,,,,,,,,,,,
,,,,,,,,,,,,,,,,,,,,,,,,,,,
,,,,,,,,,,,,,,,,,,,,,,,,,,,
,,,,,,,,,,,,,,,,,,,,,,,,,,,
,,,,,,,,,,,,,,,,,,,,,,,,,,,
,,,,,,,,,,,,,,,,,,,,,,,,,,,
,,,,,,,,,,,,,,,,,,,,,,,,,,,
,,,,,,,,,,,,,,,,,,,,,,,,,,,
,,,,,,,,,,,,,,,,,,,,,,,,,,,
,,,,,,,,,,,,,,,,,,,,,,,,,,,
,,,,,,,,,,,,,,,,,,,,,,,,,,,
,,,,,,,,,,,,,,,,,,,,,,,,,,,
,,,,,,,,,,,,,,,,,,,,,,,,,,,
,,,,,,,,,,,,,,,,,,,,,,,,,,,
,,,,,,,,,,,,,,,,,,,,,,,,,,,
,,,,,,,,,,,,,,,,,,,,,,,,,,,
,,,,,,,,,,,,,,,,,,,,,,,,,,,
,,,,,,,,,,,,,,,,,,,,,,,,,,,
,,,,,,,,,,,,,,,,,,,,,,,,,,,
,,,,,,,,,,,,,,,,,,,,,,,,,,,
,,,,,,,,,,,,,,,,,,,,,,,,,,,
,,,,,,,,,,,,,,,,,,,,,,,,,,,
,,,,,,,,,,,,,,,,,,,,,,,,,,,
,,,,,,,,,,,,,,,,,,,,,,,,,,,
,,,,,,,,,,,,,,,,,,,,,,,,,,,
,,,,,,,,,,,,,,,,,,,,,,,,,,,
,,,,,,,,,,,,,,,,,,,,,,,,,,,
,,,,,,,,,,,,,,,,,,,,,,,,,,,
,,,,,,,,,,,,,,,,,,,,,,,,,,,
,,,,,,,,,,,,,,,,,,,,,,,,,,,
,,,,,,,,,,,,,,,,,,,,,,,,,,,
,,,,,,,,,,,,,,,,,,,,,,,,,,,
,,,,,,,,,,,,,,,,,,,,,,,,,,,
